product_name,category,sub_category,attributes
Galaxy Aero,Electronics,Mobile Phones,"{""screen_size"": ""6.1 inch"", ""battery"": ""5000 mAh"", ""camera"": ""48 MP"", ""os"": ""Android"", ""color"": ""Red""}"
Galaxy Edge,Electronics,Mobile Phones,"{""screen_size"": ""5.5 inch"", ""battery"": ""3000 mAh"", ""camera"": ""12 MP"", ""os"": ""iOS"", ""color"": ""Red""}"
Galaxy Max,Electronics,Mobile Phones,"{""screen_size"": ""5.5 inch"", ""battery"": ""4000 mAh"", ""camera"": ""12 MP"", ""os"": ""iOS"", ""color"": ""Red""}"
Galaxy Nova,Electronics,Mobile Phones,"{""screen_size"": ""5.5 inch"", ""battery"": ""4000 mAh"", ""camera"": ""108 MP"", ""os"": ""iOS"", ""color"": ""Black""}"
Galaxy Prime,Electronics,Mobile Phones,"{""screen_size"": ""6.1 inch"", ""battery"": ""4000 mAh"", ""camera"": ""48 MP"", ""os"": ""Android"", ""color"": ""Blue""}"
Galaxy Pro,Electronics,Mobile Phones,"{""screen_size"": ""5.5 inch"", ""battery"": ""5000 mAh"", ""camera"": ""12 MP"", ""os"": ""iOS"", ""color"": ""Red""}"
Galaxy S,Electronics,Mobile Phones,"{""screen_size"": ""6.7 inch"", ""battery"": ""5000 mAh"", ""camera"": ""108 MP"", ""os"": ""iOS"", ""color"": ""Red""}"
Galaxy Ultra,Electronics,Mobile Phones,"{""screen_size"": ""6.7 inch"", ""battery"": ""4000 mAh"", ""camera"": ""48 MP"", ""os"": ""iOS"", ""color"": ""Black""}"
Galaxy X,Electronics,Mobile Phones,"{""screen_size"": ""6.1 inch"", ""battery"": ""5000 mAh"", ""camera"": ""108 MP"", ""os"": ""iOS"", ""color"": ""Black""}"
MotoEdge Aero,Electronics,Mobile Phones,"{""screen_size"": ""5.5 inch"", ""battery"": ""3000 mAh"", ""camera"": ""48 MP"", ""os"": ""iOS"", ""color"": ""Black""}"
MotoEdge Edge,Electronics,Mobile Phones,"{""screen_size"": ""5.5 inch"", ""battery"": ""3000 mAh"", ""camera"": ""108 MP"", ""os"": ""iOS"", ""color"": ""Black""}"
MotoEdge Max,Electronics,Mobile Phones,"{""screen_size"": ""6.1 inch"", ""battery"": ""4000 mAh"", ""camera"": ""48 MP"", ""os"": ""Android"", ""color"": ""White""}"
MotoEdge Nova,Electronics,Mobile Phones,"{""screen_size"": ""6.7 inch"", ""battery"": ""3000 mAh"", ""camera"": ""48 MP"", ""os"": ""iOS"", ""color"": ""Red""}"
MotoEdge Prime,Electronics,Mobile Phones,"{""screen_size"": ""6.1 inch"", ""battery"": ""5000 mAh"", ""camera"": ""48 MP"", ""os"": ""iOS"", ""color"": ""Black""}"
MotoEdge Pro,Electronics,Mobile Phones,"{""screen_size"": ""5.5 inch"", ""battery"": ""4000 mAh"", ""camera"": ""108 MP"", ""os"": ""iOS"", ""color"": ""Blue""}"
MotoEdge S,Electronics,Mobile Phones,"{""screen_size"": ""6.1 inch"", ""battery"": ""3000 mAh"", ""camera"": ""48 MP"", ""os"": ""Android"", ""color"": ""Black""}"
MotoEdge Ultra,Electronics,Mobile Phones,"{""screen_size"": ""5.5 inch"", ""battery"": ""3000 mAh"", ""camera"": ""12 MP"", ""os"": ""Android"", ""color"": ""Red""}"
MotoEdge X,Electronics,Mobile Phones,"{""screen_size"": ""6.7 inch"", ""battery"": ""5000 mAh"", ""camera"": ""48 MP"", ""os"": ""Android"", ""color"": ""Black""}"
Nokia Aero,Electronics,Mobile Phones,"{""screen_size"": ""6.1 inch"", ""battery"": ""3000 mAh"", ""camera"": ""108 MP"", ""os"": ""iOS"", ""color"": ""White""}"
Nokia Edge,Electronics,Mobile Phones,"{""screen_size"": ""6.1 inch"", ""battery"": ""3000 mAh"", ""camera"": ""48 MP"", ""os"": ""iOS"", ""color"": ""Blue""}"
Nokia Max,Electronics,Mobile Phones,"{""screen_size"": ""5.5 inch"", ""battery"": ""4000 mAh"", ""camera"": ""48 MP"", ""os"": ""iOS"", ""color"": ""White""}"
Nokia Nova,Electronics,Mobile Phones,"{""screen_size"": ""5.5 inch"", ""battery"": ""5000 mAh"", ""camera"": ""108 MP"", ""os"": ""Android"", ""color"": ""White""}"
Nokia Prime,Electronics,Mobile Phones,"{""screen_size"": ""6.7 inch"", ""battery"": ""4000 mAh"", ""camera"": ""108 MP"", ""os"": ""iOS"", ""color"": ""Blue""}"
Nokia Pro,Electronics,Mobile Phones,"{""screen_size"": ""5.5 inch"", ""battery"": ""3000 mAh"", ""camera"": ""108 MP"", ""os"": ""Android"", ""color"": ""Black""}"
Nokia S,Electronics,Mobile Phones,"{""screen_size"": ""6.1 inch"", ""battery"": ""4000 mAh"", ""camera"": ""12 MP"", ""os"": ""Android"", ""color"": ""Black""}"
Nokia Ultra,Electronics,Mobile Phones,"{""screen_size"": ""6.7 inch"", ""battery"": ""3000 mAh"", ""camera"": ""48 MP"", ""os"": ""Android"", ""color"": ""Red""}"
Nokia X,Electronics,Mobile Phones,"{""screen_size"": ""6.7 inch"", ""battery"": ""4000 mAh"", ""camera"": ""108 MP"", ""os"": ""iOS"", ""color"": ""White""}"
OnePlus Aero,Electronics,Mobile Phones,"{""screen_size"": ""6.1 inch"", ""battery"": ""5000 mAh"", ""camera"": ""48 MP"", ""os"": ""Android"", ""color"": ""Blue""}"
OnePlus Edge,Electronics,Mobile Phones,"{""screen_size"": ""6.1 inch"", ""battery"": ""4000 mAh"", ""camera"": ""108 MP"", ""os"": ""Android"", ""color"": ""Black""}"
OnePlus Max,Electronics,Mobile Phones,"{""screen_size"": ""6.1 inch"", ""battery"": ""4000 mAh"", ""camera"": ""108 MP"", ""os"": ""iOS"", ""color"": ""Red""}"
OnePlus Nova,Electronics,Mobile Phones,"{""screen_size"": ""6.1 inch"", ""battery"": ""5000 mAh"", ""camera"": ""48 MP"", ""os"": ""iOS"", ""color"": ""Blue""}"
OnePlus Prime,Electronics,Mobile Phones,"{""screen_size"": ""6.1 inch"", ""battery"": ""3000 mAh"", ""camera"": ""108 MP"", ""os"": ""Android"", ""color"": ""Red""}"
OnePlus Pro,Electronics,Mobile Phones,"{""screen_size"": ""6.1 inch"", ""battery"": ""3000 mAh"", ""camera"": ""108 MP"", ""os"": ""iOS"", ""color"": ""Black""}"
OnePlus S,Electronics,Mobile Phones,"{""screen_size"": ""6.1 inch"", ""battery"": ""4000 mAh"", ""camera"": ""48 MP"", ""os"": ""Android"", ""color"": ""Red""}"
OnePlus Ultra,Electronics,Mobile Phones,"{""screen_size"": ""6.7 inch"", ""battery"": ""4000 mAh"", ""camera"": ""108 MP"", ""os"": ""Android"", ""color"": ""White""}"
OnePlus X,Electronics,Mobile Phones,"{""screen_size"": ""5.5 inch"", ""battery"": ""4000 mAh"", ""camera"": ""108 MP"", ""os"": ""iOS"", ""color"": ""Red""}"
PixelOne Aero,Electronics,Mobile Phones,"{""screen_size"": ""6.1 inch"", ""battery"": ""5000 mAh"", ""camera"": ""108 MP"", ""os"": ""Android"", ""color"": ""Blue""}"
PixelOne Edge,Electronics,Mobile Phones,"{""screen_size"": ""6.1 inch"", ""battery"": ""5000 mAh"", ""camera"": ""48 MP"", ""os"": ""iOS"", ""color"": ""Black""}"
PixelOne Max,Electronics,Mobile Phones,"{""screen_size"": ""5.5 inch"", ""battery"": ""3000 mAh"", ""camera"": ""12 MP"", ""os"": ""iOS"", ""color"": ""White""}"
PixelOne Nova,Electronics,Mobile Phones,"{""screen_size"": ""5.5 inch"", ""battery"": ""3000 mAh"", ""camera"": ""12 MP"", ""os"": ""Android"", ""color"": ""Blue""}"
PixelOne Prime,Electronics,Mobile Phones,"{""screen_size"": ""6.1 inch"", ""battery"": ""5000 mAh"", ""camera"": ""48 MP"", ""os"": ""iOS"", ""color"": ""White""}"
PixelOne Pro,Electronics,Mobile Phones,"{""screen_size"": ""5.5 inch"", ""battery"": ""5000 mAh"", ""camera"": ""12 MP"", ""os"": ""iOS"", ""color"": ""Blue""}"
PixelOne S,Electronics,Mobile Phones,"{""screen_size"": ""6.1 inch"", ""battery"": ""4000 mAh"", ""camera"": ""108 MP"", ""os"": ""iOS"", ""color"": ""Black""}"
PixelOne Ultra,Electronics,Mobile Phones,"{""screen_size"": ""6.7 inch"", ""battery"": ""5000 mAh"", ""camera"": ""108 MP"", ""os"": ""iOS"", ""color"": ""Blue""}"
PixelOne X,Electronics,Mobile Phones,"{""screen_size"": ""5.5 inch"", ""battery"": ""3000 mAh"", ""camera"": ""48 MP"", ""os"": ""Android"", ""color"": ""Black""}"
Redmi Aero,Electronics,Mobile Phones,"{""screen_size"": ""6.7 inch"", ""battery"": ""5000 mAh"", ""camera"": ""48 MP"", ""os"": ""Android"", ""color"": ""Blue""}"
Redmi Edge,Electronics,Mobile Phones,"{""screen_size"": ""6.7 inch"", ""battery"": ""4000 mAh"", ""camera"": ""12 MP"", ""os"": ""iOS"", ""color"": ""Blue""}"
Redmi Max,Electronics,Mobile Phones,"{""screen_size"": ""6.7 inch"", ""battery"": ""3000 mAh"", ""camera"": ""108 MP"", ""os"": ""iOS"", ""color"": ""Black""}"
Redmi Nova,Electronics,Mobile Phones,"{""screen_size"": ""5.5 inch"", ""battery"": ""4000 mAh"", ""camera"": ""108 MP"", ""os"": ""iOS"", ""color"": ""Black""}"
Redmi Prime,Electronics,Mobile Phones,"{""screen_size"": ""6.7 inch"", ""battery"": ""4000 mAh"", ""camera"": ""108 MP"", ""os"": ""Android"", ""color"": ""Blue""}"
Redmi Pro,Electronics,Mobile Phones,"{""screen_size"": ""6.7 inch"", ""battery"": ""4000 mAh"", ""camera"": ""108 MP"", ""os"": ""iOS"", ""color"": ""Black""}"
Redmi S,Electronics,Mobile Phones,"{""screen_size"": ""5.5 inch"", ""battery"": ""4000 mAh"", ""camera"": ""48 MP"", ""os"": ""iOS"", ""color"": ""Black""}"
Redmi Ultra,Electronics,Mobile Phones,"{""screen_size"": ""6.7 inch"", ""battery"": ""4000 mAh"", ""camera"": ""108 MP"", ""os"": ""Android"", ""color"": ""White""}"
Redmi X,Electronics,Mobile Phones,"{""screen_size"": ""6.7 inch"", ""battery"": ""5000 mAh"", ""camera"": ""108 MP"", ""os"": ""Android"", ""color"": ""Red""}"
Xperia Aero,Electronics,Mobile Phones,"{""screen_size"": ""5.5 inch"", ""battery"": ""5000 mAh"", ""camera"": ""12 MP"", ""os"": ""Android"", ""color"": ""Black""}"
Xperia Edge,Electronics,Mobile Phones,"{""screen_size"": ""5.5 inch"", ""battery"": ""3000 mAh"", ""camera"": ""48 MP"", ""os"": ""iOS"", ""color"": ""Black""}"
Xperia Max,Electronics,Mobile Phones,"{""screen_size"": ""6.7 inch"", ""battery"": ""4000 mAh"", ""camera"": ""48 MP"", ""os"": ""Android"", ""color"": ""Red""}"
Xperia Nova,Electronics,Mobile Phones,"{""screen_size"": ""5.5 inch"", ""battery"": ""5000 mAh"", ""camera"": ""108 MP"", ""os"": ""iOS"", ""color"": ""Red""}"
Xperia Prime,Electronics,Mobile Phones,"{""screen_size"": ""6.1 inch"", ""battery"": ""3000 mAh"", ""camera"": ""108 MP"", ""os"": ""Android"", ""color"": ""White""}"
Xperia Pro,Electronics,Mobile Phones,"{""screen_size"": ""5.5 inch"", ""battery"": ""5000 mAh"", ""camera"": ""48 MP"", ""os"": ""Android"", ""color"": ""Black""}"
Xperia S,Electronics,Mobile Phones,"{""screen_size"": ""6.1 inch"", ""battery"": ""3000 mAh"", ""camera"": ""48 MP"", ""os"": ""iOS"", ""color"": ""Blue""}"
Xperia Ultra,Electronics,Mobile Phones,"{""screen_size"": ""6.7 inch"", ""battery"": ""3000 mAh"", ""camera"": ""108 MP"", ""os"": ""Android"", ""color"": ""Black""}"
Xperia X,Electronics,Mobile Phones,"{""screen_size"": ""5.5 inch"", ""battery"": ""5000 mAh"", ""camera"": ""12 MP"", ""os"": ""Android"", ""color"": ""Red""}"
ZenPhone Aero,Electronics,Mobile Phones,"{""screen_size"": ""5.5 inch"", ""battery"": ""3000 mAh"", ""camera"": ""108 MP"", ""os"": ""Android"", ""color"": ""Black""}"
ZenPhone Edge,Electronics,Mobile Phones,"{""screen_size"": ""5.5 inch"", ""battery"": ""5000 mAh"", ""camera"": ""12 MP"", ""os"": ""Android"", ""color"": ""White""}"
ZenPhone Max,Electronics,Mobile Phones,"{""screen_size"": ""5.5 inch"", ""battery"": ""3000 mAh"", ""camera"": ""12 MP"", ""os"": ""Android"", ""color"": ""Red""}"
ZenPhone Nova,Electronics,Mobile Phones,"{""screen_size"": ""6.7 inch"", ""battery"": ""4000 mAh"", ""camera"": ""48 MP"", ""os"": ""iOS"", ""color"": ""Red""}"
ZenPhone Prime,Electronics,Mobile Phones,"{""screen_size"": ""6.7 inch"", ""battery"": ""5000 mAh"", ""camera"": ""48 MP"", ""os"": ""Android"", ""color"": ""White""}"
ZenPhone Pro,Electronics,Mobile Phones,"{""screen_size"": ""6.1 inch"", ""battery"": ""4000 mAh"", ""camera"": ""12 MP"", ""os"": ""Android"", ""color"": ""White""}"
ZenPhone S,Electronics,Mobile Phones,"{""screen_size"": ""6.7 inch"", ""battery"": ""4000 mAh"", ""camera"": ""108 MP"", ""os"": ""Android"", ""color"": ""Red""}"
ZenPhone Ultra,Electronics,Mobile Phones,"{""screen_size"": ""6.7 inch"", ""battery"": ""5000 mAh"", ""camera"": ""12 MP"", ""os"": ""iOS"", ""color"": ""Blue""}"
ZenPhone X,Electronics,Mobile Phones,"{""screen_size"": ""6.1 inch"", ""battery"": ""4000 mAh"", ""camera"": ""48 MP"", ""os"": ""iOS"", ""color"": ""Black""}"
iPhone Aero,Electronics,Mobile Phones,"{""screen_size"": ""6.7 inch"", ""battery"": ""5000 mAh"", ""camera"": ""108 MP"", ""os"": ""Android"", ""color"": ""White""}"
iPhone Edge,Electronics,Mobile Phones,"{""screen_size"": ""6.7 inch"", ""battery"": ""5000 mAh"", ""camera"": ""48 MP"", ""os"": ""Android"", ""color"": ""Red""}"
iPhone Max,Electronics,Mobile Phones,"{""screen_size"": ""6.7 inch"", ""battery"": ""4000 mAh"", ""camera"": ""108 MP"", ""os"": ""iOS"", ""color"": ""Blue""}"
iPhone Nova,Electronics,Mobile Phones,"{""screen_size"": ""5.5 inch"", ""battery"": ""5000 mAh"", ""camera"": ""108 MP"", ""os"": ""iOS"", ""color"": ""Blue""}"
iPhone Prime,Electronics,Mobile Phones,"{""screen_size"": ""5.5 inch"", ""battery"": ""4000 mAh"", ""camera"": ""48 MP"", ""os"": ""Android"", ""color"": ""Blue""}"
iPhone Pro,Electronics,Mobile Phones,"{""screen_size"": ""6.7 inch"", ""battery"": ""5000 mAh"", ""camera"": ""48 MP"", ""os"": ""iOS"", ""color"": ""Blue""}"
iPhone S,Electronics,Mobile Phones,"{""screen_size"": ""6.1 inch"", ""battery"": ""4000 mAh"", ""camera"": ""48 MP"", ""os"": ""Android"", ""color"": ""Blue""}"
iPhone Ultra,Electronics,Mobile Phones,"{""screen_size"": ""6.1 inch"", ""battery"": ""4000 mAh"", ""camera"": ""48 MP"", ""os"": ""Android"", ""color"": ""Blue""}"
iPhone X,Electronics,Mobile Phones,"{""screen_size"": ""6.1 inch"", ""battery"": ""3000 mAh"", ""camera"": ""108 MP"", ""os"": ""Android"", ""color"": ""White""}"
FlexBook Air,Electronics,Laptops,"{""cpu"": ""AMD Ryzen 5"", ""ram"": ""16 GB"", ""storage"": ""512 GB SSD"", ""screen_size"": ""13.3 inch"", ""weight"": ""2.1 kg""}"
FlexBook Creator,Electronics,Laptops,"{""cpu"": ""AMD Ryzen 5"", ""ram"": ""8 GB"", ""storage"": ""256 GB SSD"", ""screen_size"": ""13.3 inch"", ""weight"": ""1.5 kg""}"
FlexBook Infinity,Electronics,Laptops,"{""cpu"": ""AMD Ryzen 5"", ""ram"": ""32 GB"", ""storage"": ""256 GB SSD"", ""screen_size"": ""13.3 inch"", ""weight"": ""1.5 kg""}"
FlexBook Prime,Electronics,Laptops,"{""cpu"": ""Intel i5"", ""ram"": ""32 GB"", ""storage"": ""512 GB SSD"", ""screen_size"": ""15.6 inch"", ""weight"": ""1.2 kg""}"
FlexBook Pro,Electronics,Laptops,"{""cpu"": ""Apple M1"", ""ram"": ""32 GB"", ""storage"": ""512 GB SSD"", ""screen_size"": ""17.0 inch"", ""weight"": ""2.4 kg""}"
FlexBook Studio,Electronics,Laptops,"{""cpu"": ""Apple M1"", ""ram"": ""16 GB"", ""storage"": ""256 GB SSD"", ""screen_size"": ""13.3 inch"", ""weight"": ""1.8 kg""}"
FlexBook Ultra,Electronics,Laptops,"{""cpu"": ""AMD Ryzen 5"", ""ram"": ""16 GB"", ""storage"": ""256 GB SSD"", ""screen_size"": ""15.6 inch"", ""weight"": ""1.1 kg""}"
FlexBook Vision,Electronics,Laptops,"{""cpu"": ""Apple M1"", ""ram"": ""8 GB"", ""storage"": ""256 GB SSD"", ""screen_size"": ""17.0 inch"", ""weight"": ""2.0 kg""}"
IdeaPad Air,Electronics,Laptops,"{""cpu"": ""Intel i7"", ""ram"": ""8 GB"", ""storage"": ""256 GB SSD"", ""screen_size"": ""13.3 inch"", ""weight"": ""2.1 kg""}"
IdeaPad Creator,Electronics,Laptops,"{""cpu"": ""AMD Ryzen 5"", ""ram"": ""16 GB"", ""storage"": ""256 GB SSD"", ""screen_size"": ""17.0 inch"", ""weight"": ""1.4 kg""}"
IdeaPad Infinity,Electronics,Laptops,"{""cpu"": ""Intel i5"", ""ram"": ""32 GB"", ""storage"": ""256 GB SSD"", ""screen_size"": ""15.6 inch"", ""weight"": ""1.0 kg""}"
IdeaPad Prime,Electronics,Laptops,"{""cpu"": ""Apple M1"", ""ram"": ""32 GB"", ""storage"": ""512 GB SSD"", ""screen_size"": ""13.3 inch"", ""weight"": ""1.5 kg""}"
IdeaPad Pro,Electronics,Laptops,"{""cpu"": ""Apple M1"", ""ram"": ""16 GB"", ""storage"": ""512 GB SSD"", ""screen_size"": ""17.0 inch"", ""weight"": ""1.5 kg""}"
IdeaPad Studio,Electronics,Laptops,"{""cpu"": ""Apple M1"", ""ram"": ""32 GB"", ""storage"": ""256 GB SSD"", ""screen_size"": ""13.3 inch"", ""weight"": ""1.5 kg""}"
IdeaPad Ultra,Electronics,Laptops,"{""cpu"": ""Apple M1"", ""ram"": ""16 GB"", ""storage"": ""256 GB SSD"", ""screen_size"": ""15.6 inch"", ""weight"": ""1.2 kg""}"
IdeaPad Vision,Electronics,Laptops,"{""cpu"": ""Intel i5"", ""ram"": ""16 GB"", ""storage"": ""256 GB SSD"", ""screen_size"": ""17.0 inch"", ""weight"": ""2.5 kg""}"
MacBook Air,Electronics,Laptops,"{""cpu"": ""Intel i5"", ""ram"": ""32 GB"", ""storage"": ""512 GB SSD"", ""screen_size"": ""17.0 inch"", ""weight"": ""1.8 kg""}"
MacBook Creator,Electronics,Laptops,"{""cpu"": ""Apple M1"", ""ram"": ""32 GB"", ""storage"": ""512 GB SSD"", ""screen_size"": ""13.3 inch"", ""weight"": ""1.1 kg""}"
MacBook Infinity,Electronics,Laptops,"{""cpu"": ""AMD Ryzen 5"", ""ram"": ""16 GB"", ""storage"": ""512 GB SSD"", ""screen_size"": ""13.3 inch"", ""weight"": ""1.6 kg""}"
MacBook Prime,Electronics,Laptops,"{""cpu"": ""Intel i7"", ""ram"": ""32 GB"", ""storage"": ""256 GB SSD"", ""screen_size"": ""17.0 inch"", ""weight"": ""2.2 kg""}"
MacBook Pro,Electronics,Laptops,"{""cpu"": ""Intel i7"", ""ram"": ""16 GB"", ""storage"": ""256 GB SSD"", ""screen_size"": ""15.6 inch"", ""weight"": ""1.1 kg""}"
MacBook Studio,Electronics,Laptops,"{""cpu"": ""Apple M1"", ""ram"": ""32 GB"", ""storage"": ""512 GB SSD"", ""screen_size"": ""13.3 inch"", ""weight"": ""1.8 kg""}"
MacBook Ultra,Electronics,Laptops,"{""cpu"": ""AMD Ryzen 5"", ""ram"": ""16 GB"", ""storage"": ""512 GB SSD"", ""screen_size"": ""17.0 inch"", ""weight"": ""1.2 kg""}"
MacBook Vision,Electronics,Laptops,"{""cpu"": ""Intel i7"", ""ram"": ""16 GB"", ""storage"": ""256 GB SSD"", ""screen_size"": ""15.6 inch"", ""weight"": ""1.7 kg""}"
NitroBlade Air,Electronics,Laptops,"{""cpu"": ""AMD Ryzen 5"", ""ram"": ""16 GB"", ""storage"": ""512 GB SSD"", ""screen_size"": ""13.3 inch"", ""weight"": ""1.9 kg""}"
NitroBlade Creator,Electronics,Laptops,"{""cpu"": ""Intel i5"", ""ram"": ""8 GB"", ""storage"": ""256 GB SSD"", ""screen_size"": ""15.6 inch"", ""weight"": ""1.5 kg""}"
NitroBlade Infinity,Electronics,Laptops,"{""cpu"": ""Intel i7"", ""ram"": ""16 GB"", ""storage"": ""512 GB SSD"", ""screen_size"": ""15.6 inch"", ""weight"": ""1.3 kg""}"
NitroBlade Prime,Electronics,Laptops,"{""cpu"": ""Apple M1"", ""ram"": ""32 GB"", ""storage"": ""1024 GB SSD"", ""screen_size"": ""13.3 inch"", ""weight"": ""2.4 kg""}"
NitroBlade Pro,Electronics,Laptops,"{""cpu"": ""Intel i5"", ""ram"": ""32 GB"", ""storage"": ""1024 GB SSD"", ""screen_size"": ""13.3 inch"", ""weight"": ""1.2 kg""}"
NitroBlade Studio,Electronics,Laptops,"{""cpu"": ""Intel i7"", ""ram"": ""32 GB"", ""storage"": ""256 GB SSD"", ""screen_size"": ""15.6 inch"", ""weight"": ""1.7 kg""}"
NitroBlade Ultra,Electronics,Laptops,"{""cpu"": ""Intel i7"", ""ram"": ""32 GB"", ""storage"": ""1024 GB SSD"", ""screen_size"": ""15.6 inch"", ""weight"": ""1.8 kg""}"
NitroBlade Vision,Electronics,Laptops,"{""cpu"": ""AMD Ryzen 5"", ""ram"": ""32 GB"", ""storage"": ""512 GB SSD"", ""screen_size"": ""15.6 inch"", ""weight"": ""2.4 kg""}"
Spectra Air,Electronics,Laptops,"{""cpu"": ""Intel i5"", ""ram"": ""8 GB"", ""storage"": ""256 GB SSD"", ""screen_size"": ""17.0 inch"", ""weight"": ""1.3 kg""}"
Spectra Creator,Electronics,Laptops,"{""cpu"": ""Intel i7"", ""ram"": ""16 GB"", ""storage"": ""512 GB SSD"", ""screen_size"": ""15.6 inch"", ""weight"": ""1.9 kg""}"
Spectra Infinity,Electronics,Laptops,"{""cpu"": ""AMD Ryzen 5"", ""ram"": ""32 GB"", ""storage"": ""512 GB SSD"", ""screen_size"": ""13.3 inch"", ""weight"": ""1.4 kg""}"
Spectra Prime,Electronics,Laptops,"{""cpu"": ""AMD Ryzen 5"", ""ram"": ""16 GB"", ""storage"": ""512 GB SSD"", ""screen_size"": ""15.6 inch"", ""weight"": ""1.1 kg""}"
Spectra Pro,Electronics,Laptops,"{""cpu"": ""Intel i7"", ""ram"": ""16 GB"", ""storage"": ""512 GB SSD"", ""screen_size"": ""15.6 inch"", ""weight"": ""1.1 kg""}"
Spectra Studio,Electronics,Laptops,"{""cpu"": ""Intel i7"", ""ram"": ""32 GB"", ""storage"": ""256 GB SSD"", ""screen_size"": ""17.0 inch"", ""weight"": ""1.0 kg""}"
Spectra Ultra,Electronics,Laptops,"{""cpu"": ""Apple M1"", ""ram"": ""8 GB"", ""storage"": ""512 GB SSD"", ""screen_size"": ""13.3 inch"", ""weight"": ""2.4 kg""}"
Spectra Vision,Electronics,Laptops,"{""cpu"": ""Intel i7"", ""ram"": ""32 GB"", ""storage"": ""1024 GB SSD"", ""screen_size"": ""17.0 inch"", ""weight"": ""2.5 kg""}"
SurfaceBook Air,Electronics,Laptops,"{""cpu"": ""AMD Ryzen 5"", ""ram"": ""8 GB"", ""storage"": ""512 GB SSD"", ""screen_size"": ""13.3 inch"", ""weight"": ""2.2 kg""}"
SurfaceBook Creator,Electronics,Laptops,"{""cpu"": ""Apple M1"", ""ram"": ""8 GB"", ""storage"": ""512 GB SSD"", ""screen_size"": ""17.0 inch"", ""weight"": ""1.2 kg""}"
SurfaceBook Infinity,Electronics,Laptops,"{""cpu"": ""AMD Ryzen 5"", ""ram"": ""32 GB"", ""storage"": ""1024 GB SSD"", ""screen_size"": ""17.0 inch"", ""weight"": ""2.5 kg""}"
SurfaceBook Prime,Electronics,Laptops,"{""cpu"": ""AMD Ryzen 5"", ""ram"": ""16 GB"", ""storage"": ""256 GB SSD"", ""screen_size"": ""17.0 inch"", ""weight"": ""2.5 kg""}"
SurfaceBook Pro,Electronics,Laptops,"{""cpu"": ""AMD Ryzen 5"", ""ram"": ""32 GB"", ""storage"": ""512 GB SSD"", ""screen_size"": ""13.3 inch"", ""weight"": ""2.3 kg""}"
SurfaceBook Studio,Electronics,Laptops,"{""cpu"": ""Intel i5"", ""ram"": ""8 GB"", ""storage"": ""256 GB SSD"", ""screen_size"": ""15.6 inch"", ""weight"": ""2.3 kg""}"
SurfaceBook Ultra,Electronics,Laptops,"{""cpu"": ""AMD Ryzen 5"", ""ram"": ""32 GB"", ""storage"": ""256 GB SSD"", ""screen_size"": ""13.3 inch"", ""weight"": ""1.1 kg""}"
SurfaceBook Vision,Electronics,Laptops,"{""cpu"": ""Apple M1"", ""ram"": ""32 GB"", ""storage"": ""1024 GB SSD"", ""screen_size"": ""15.6 inch"", ""weight"": ""1.4 kg""}"
ThinkBook Air,Electronics,Laptops,"{""cpu"": ""AMD Ryzen 5"", ""ram"": ""32 GB"", ""storage"": ""256 GB SSD"", ""screen_size"": ""13.3 inch"", ""weight"": ""1.8 kg""}"
ThinkBook Creator,Electronics,Laptops,"{""cpu"": ""Intel i5"", ""ram"": ""32 GB"", ""storage"": ""256 GB SSD"", ""screen_size"": ""15.6 inch"", ""weight"": ""2.4 kg""}"
ThinkBook Infinity,Electronics,Laptops,"{""cpu"": ""AMD Ryzen 5"", ""ram"": ""32 GB"", ""storage"": ""256 GB SSD"", ""screen_size"": ""13.3 inch"", ""weight"": ""1.6 kg""}"
ThinkBook Prime,Electronics,Laptops,"{""cpu"": ""Apple M1"", ""ram"": ""8 GB"", ""storage"": ""512 GB SSD"", ""screen_size"": ""15.6 inch"", ""weight"": ""2.0 kg""}"
ThinkBook Pro,Electronics,Laptops,"{""cpu"": ""Apple M1"", ""ram"": ""8 GB"", ""storage"": ""1024 GB SSD"", ""screen_size"": ""17.0 inch"", ""weight"": ""2.1 kg""}"
ThinkBook Studio,Electronics,Laptops,"{""cpu"": ""AMD Ryzen 5"", ""ram"": ""32 GB"", ""storage"": ""256 GB SSD"", ""screen_size"": ""15.6 inch"", ""weight"": ""1.1 kg""}"
ThinkBook Ultra,Electronics,Laptops,"{""cpu"": ""Intel i7"", ""ram"": ""32 GB"", ""storage"": ""512 GB SSD"", ""screen_size"": ""17.0 inch"", ""weight"": ""2.2 kg""}"
ThinkBook Vision,Electronics,Laptops,"{""cpu"": ""Intel i7"", ""ram"": ""8 GB"", ""storage"": ""256 GB SSD"", ""screen_size"": ""17.0 inch"", ""weight"": ""2.1 kg""}"
ZenBook Air,Electronics,Laptops,"{""cpu"": ""Intel i7"", ""ram"": ""32 GB"", ""storage"": ""256 GB SSD"", ""screen_size"": ""17.0 inch"", ""weight"": ""2.4 kg""}"
ZenBook Creator,Electronics,Laptops,"{""cpu"": ""AMD Ryzen 5"", ""ram"": ""8 GB"", ""storage"": ""256 GB SSD"", ""screen_size"": ""17.0 inch"", ""weight"": ""1.3 kg""}"
ZenBook Infinity,Electronics,Laptops,"{""cpu"": ""AMD Ryzen 5"", ""ram"": ""16 GB"", ""storage"": ""256 GB SSD"", ""screen_size"": ""15.6 inch"", ""weight"": ""1.5 kg""}"
ZenBook Prime,Electronics,Laptops,"{""cpu"": ""AMD Ryzen 5"", ""ram"": ""16 GB"", ""storage"": ""512 GB SSD"", ""screen_size"": ""17.0 inch"", ""weight"": ""1.6 kg""}"
ZenBook Pro,Electronics,Laptops,"{""cpu"": ""AMD Ryzen 5"", ""ram"": ""32 GB"", ""storage"": ""1024 GB SSD"", ""screen_size"": ""13.3 inch"", ""weight"": ""1.8 kg""}"
ZenBook Studio,Electronics,Laptops,"{""cpu"": ""Intel i7"", ""ram"": ""16 GB"", ""storage"": ""512 GB SSD"", ""screen_size"": ""17.0 inch"", ""weight"": ""1.5 kg""}"
ZenBook Ultra,Electronics,Laptops,"{""cpu"": ""Intel i5"", ""ram"": ""32 GB"", ""storage"": ""1024 GB SSD"", ""screen_size"": ""13.3 inch"", ""weight"": ""1.1 kg""}"
ZenBook Vision,Electronics,Laptops,"{""cpu"": ""Apple M1"", ""ram"": ""8 GB"", ""storage"": ""1024 GB SSD"", ""screen_size"": ""13.3 inch"", ""weight"": ""2.1 kg""}"
Canon Alpha,Electronics,Cameras,"{""megapixels"": ""108 MP"", ""zoom"": ""10x"", ""sensor"": ""CCD"", ""video"": ""1080p""}"
Canon FocusX,Electronics,Cameras,"{""megapixels"": ""24 MP"", ""zoom"": ""30x"", ""sensor"": ""CMOS"", ""video"": ""8K""}"
Canon FotoMark,Electronics,Cameras,"{""megapixels"": ""24 MP"", ""zoom"": ""3x"", ""sensor"": ""CCD"", ""video"": ""8K""}"
Canon ProShot,Electronics,Cameras,"{""megapixels"": ""108 MP"", ""zoom"": ""5x"", ""sensor"": ""CMOS"", ""video"": ""4K""}"
Canon Rapid,Electronics,Cameras,"{""megapixels"": ""48 MP"", ""zoom"": ""3x"", ""sensor"": ""CMOS"", ""video"": ""1080p""}"
Canon SnapLuxe,Electronics,Cameras,"{""megapixels"": ""48 MP"", ""zoom"": ""3x"", ""sensor"": ""CMOS"", ""video"": ""1080p""}"
Canon TrailCam,Electronics,Cameras,"{""megapixels"": ""12 MP"", ""zoom"": ""30x"", ""sensor"": ""CMOS"", ""video"": ""8K""}"
Canon Visio,Electronics,Cameras,"{""megapixels"": ""48 MP"", ""zoom"": ""3x"", ""sensor"": ""CMOS"", ""video"": ""8K""}"
FujiFilm Alpha,Electronics,Cameras,"{""megapixels"": ""48 MP"", ""zoom"": ""10x"", ""sensor"": ""CCD"", ""video"": ""4K""}"
FujiFilm FocusX,Electronics,Cameras,"{""megapixels"": ""24 MP"", ""zoom"": ""10x"", ""sensor"": ""CMOS"", ""video"": ""4K""}"
FujiFilm FotoMark,Electronics,Cameras,"{""megapixels"": ""108 MP"", ""zoom"": ""30x"", ""sensor"": ""CMOS"", ""video"": ""1080p""}"
FujiFilm ProShot,Electronics,Cameras,"{""megapixels"": ""108 MP"", ""zoom"": ""30x"", ""sensor"": ""CMOS"", ""video"": ""1080p""}"
FujiFilm Rapid,Electronics,Cameras,"{""megapixels"": ""24 MP"", ""zoom"": ""3x"", ""sensor"": ""CCD"", ""video"": ""1080p""}"
FujiFilm SnapLuxe,Electronics,Cameras,"{""megapixels"": ""12 MP"", ""zoom"": ""30x"", ""sensor"": ""CMOS"", ""video"": ""1080p""}"
FujiFilm TrailCam,Electronics,Cameras,"{""megapixels"": ""48 MP"", ""zoom"": ""30x"", ""sensor"": ""CMOS"", ""video"": ""8K""}"
FujiFilm Visio,Electronics,Cameras,"{""megapixels"": ""12 MP"", ""zoom"": ""5x"", ""sensor"": ""CCD"", ""video"": ""8K""}"
GoPro Alpha,Electronics,Cameras,"{""megapixels"": ""24 MP"", ""zoom"": ""3x"", ""sensor"": ""CMOS"", ""video"": ""8K""}"
GoPro FocusX,Electronics,Cameras,"{""megapixels"": ""108 MP"", ""zoom"": ""30x"", ""sensor"": ""CMOS"", ""video"": ""4K""}"
GoPro FotoMark,Electronics,Cameras,"{""megapixels"": ""12 MP"", ""zoom"": ""3x"", ""sensor"": ""CCD"", ""video"": ""4K""}"
GoPro ProShot,Electronics,Cameras,"{""megapixels"": ""24 MP"", ""zoom"": ""30x"", ""sensor"": ""CMOS"", ""video"": ""8K""}"
GoPro Rapid,Electronics,Cameras,"{""megapixels"": ""108 MP"", ""zoom"": ""3x"", ""sensor"": ""CCD"", ""video"": ""8K""}"
GoPro SnapLuxe,Electronics,Cameras,"{""megapixels"": ""24 MP"", ""zoom"": ""3x"", ""sensor"": ""CCD"", ""video"": ""4K""}"
GoPro TrailCam,Electronics,Cameras,"{""megapixels"": ""48 MP"", ""zoom"": ""10x"", ""sensor"": ""CMOS"", ""video"": ""1080p""}"
GoPro Visio,Electronics,Cameras,"{""megapixels"": ""48 MP"", ""zoom"": ""3x"", ""sensor"": ""CCD"", ""video"": ""8K""}"
Lumix Alpha,Electronics,Cameras,"{""megapixels"": ""12 MP"", ""zoom"": ""10x"", ""sensor"": ""CMOS"", ""video"": ""8K""}"
Lumix FocusX,Electronics,Cameras,"{""megapixels"": ""12 MP"", ""zoom"": ""5x"", ""sensor"": ""CMOS"", ""video"": ""8K""}"
Lumix FotoMark,Electronics,Cameras,"{""megapixels"": ""48 MP"", ""zoom"": ""10x"", ""sensor"": ""CMOS"", ""video"": ""1080p""}"
Lumix ProShot,Electronics,Cameras,"{""megapixels"": ""108 MP"", ""zoom"": ""30x"", ""sensor"": ""CCD"", ""video"": ""8K""}"
Lumix Rapid,Electronics,Cameras,"{""megapixels"": ""48 MP"", ""zoom"": ""3x"", ""sensor"": ""CMOS"", ""video"": ""1080p""}"
Lumix SnapLuxe,Electronics,Cameras,"{""megapixels"": ""48 MP"", ""zoom"": ""10x"", ""sensor"": ""CMOS"", ""video"": ""1080p""}"
Lumix TrailCam,Electronics,Cameras,"{""megapixels"": ""12 MP"", ""zoom"": ""10x"", ""sensor"": ""CCD"", ""video"": ""8K""}"
Lumix Visio,Electronics,Cameras,"{""megapixels"": ""108 MP"", ""zoom"": ""10x"", ""sensor"": ""CMOS"", ""video"": ""1080p""}"
Nikon Alpha,Electronics,Cameras,"{""megapixels"": ""24 MP"", ""zoom"": ""10x"", ""sensor"": ""CCD"", ""video"": ""4K""}"
Nikon FocusX,Electronics,Cameras,"{""megapixels"": ""48 MP"", ""zoom"": ""5x"", ""sensor"": ""CMOS"", ""video"": ""1080p""}"
Nikon FotoMark,Electronics,Cameras,"{""megapixels"": ""108 MP"", ""zoom"": ""30x"", ""sensor"": ""CMOS"", ""video"": ""4K""}"
Nikon ProShot,Electronics,Cameras,"{""megapixels"": ""108 MP"", ""zoom"": ""10x"", ""sensor"": ""CMOS"", ""video"": ""4K""}"
Nikon Rapid,Electronics,Cameras,"{""megapixels"": ""108 MP"", ""zoom"": ""30x"", ""sensor"": ""CCD"", ""video"": ""8K""}"
Nikon SnapLuxe,Electronics,Cameras,"{""megapixels"": ""48 MP"", ""zoom"": ""10x"", ""sensor"": ""CCD"", ""video"": ""8K""}"
Nikon TrailCam,Electronics,Cameras,"{""megapixels"": ""48 MP"", ""zoom"": ""30x"", ""sensor"": ""CMOS"", ""video"": ""8K""}"
Nikon Visio,Electronics,Cameras,"{""megapixels"": ""12 MP"", ""zoom"": ""30x"", ""sensor"": ""CMOS"", ""video"": ""1080p""}"
Olympus Alpha,Electronics,Cameras,"{""megapixels"": ""24 MP"", ""zoom"": ""30x"", ""sensor"": ""CCD"", ""video"": ""8K""}"
Olympus FocusX,Electronics,Cameras,"{""megapixels"": ""48 MP"", ""zoom"": ""30x"", ""sensor"": ""CMOS"", ""video"": ""1080p""}"
Olympus FotoMark,Electronics,Cameras,"{""megapixels"": ""12 MP"", ""zoom"": ""30x"", ""sensor"": ""CCD"", ""video"": ""4K""}"
Olympus ProShot,Electronics,Cameras,"{""megapixels"": ""24 MP"", ""zoom"": ""30x"", ""sensor"": ""CCD"", ""video"": ""8K""}"
Olympus Rapid,Electronics,Cameras,"{""megapixels"": ""108 MP"", ""zoom"": ""5x"", ""sensor"": ""CMOS"", ""video"": ""4K""}"
Olympus SnapLuxe,Electronics,Cameras,"{""megapixels"": ""24 MP"", ""zoom"": ""5x"", ""sensor"": ""CMOS"", ""video"": ""1080p""}"
Olympus TrailCam,Electronics,Cameras,"{""megapixels"": ""24 MP"", ""zoom"": ""30x"", ""sensor"": ""CCD"", ""video"": ""4K""}"
Olympus Visio,Electronics,Cameras,"{""megapixels"": ""12 MP"", ""zoom"": ""30x"", ""sensor"": ""CMOS"", ""video"": ""1080p""}"
Ricoh Alpha,Electronics,Cameras,"{""megapixels"": ""48 MP"", ""zoom"": ""5x"", ""sensor"": ""CMOS"", ""video"": ""8K""}"
Ricoh FocusX,Electronics,Cameras,"{""megapixels"": ""108 MP"", ""zoom"": ""10x"", ""sensor"": ""CMOS"", ""video"": ""4K""}"
Ricoh FotoMark,Electronics,Cameras,"{""megapixels"": ""48 MP"", ""zoom"": ""10x"", ""sensor"": ""CCD"", ""video"": ""8K""}"
Ricoh ProShot,Electronics,Cameras,"{""megapixels"": ""108 MP"", ""zoom"": ""30x"", ""sensor"": ""CCD"", ""video"": ""1080p""}"
Ricoh Rapid,Electronics,Cameras,"{""megapixels"": ""48 MP"", ""zoom"": ""10x"", ""sensor"": ""CCD"", ""video"": ""8K""}"
Ricoh SnapLuxe,Electronics,Cameras,"{""megapixels"": ""108 MP"", ""zoom"": ""30x"", ""sensor"": ""CMOS"", ""video"": ""1080p""}"
Ricoh TrailCam,Electronics,Cameras,"{""megapixels"": ""48 MP"", ""zoom"": ""5x"", ""sensor"": ""CMOS"", ""video"": ""8K""}"
Ricoh Visio,Electronics,Cameras,"{""megapixels"": ""48 MP"", ""zoom"": ""10x"", ""sensor"": ""CCD"", ""video"": ""1080p""}"
Sony Alpha,Electronics,Cameras,"{""megapixels"": ""24 MP"", ""zoom"": ""3x"", ""sensor"": ""CCD"", ""video"": ""8K""}"
Sony FocusX,Electronics,Cameras,"{""megapixels"": ""24 MP"", ""zoom"": ""5x"", ""sensor"": ""CCD"", ""video"": ""8K""}"
Sony FotoMark,Electronics,Cameras,"{""megapixels"": ""24 MP"", ""zoom"": ""5x"", ""sensor"": ""CCD"", ""video"": ""4K""}"
Sony ProShot,Electronics,Cameras,"{""megapixels"": ""24 MP"", ""zoom"": ""5x"", ""sensor"": ""CCD"", ""video"": ""1080p""}"
Sony Rapid,Electronics,Cameras,"{""megapixels"": ""24 MP"", ""zoom"": ""30x"", ""sensor"": ""CMOS"", ""video"": ""8K""}"
Sony SnapLuxe,Electronics,Cameras,"{""megapixels"": ""108 MP"", ""zoom"": ""10x"", ""sensor"": ""CCD"", ""video"": ""4K""}"
Sony TrailCam,Electronics,Cameras,"{""megapixels"": ""12 MP"", ""zoom"": ""3x"", ""sensor"": ""CCD"", ""video"": ""4K""}"
Sony Visio,Electronics,Cameras,"{""megapixels"": ""12 MP"", ""zoom"": ""30x"", ""sensor"": ""CMOS"", ""video"": ""8K""}"
Alpine Hoodie,Clothing,Men,"{""size"": ""M"", ""material"": ""Linen"", ""color"": ""Red"", ""gender"": ""Unisex""}"
Alpine Jacket,Clothing,Men,"{""size"": ""XL"", ""material"": ""Wool"", ""color"": ""Blue"", ""gender"": ""Unisex""}"
Alpine Jeans,Clothing,Men,"{""size"": ""M"", ""material"": ""Wool"", ""color"": ""Black"", ""gender"": ""Men""}"
Alpine Pants,Clothing,Men,"{""size"": ""L"", ""material"": ""Linen"", ""color"": ""Green"", ""gender"": ""Men""}"
Alpine Shirt,Clothing,Men,"{""size"": ""L"", ""material"": ""Cotton"", ""color"": ""Green"", ""gender"": ""Unisex""}"
Alpine Shorts,Clothing,Men,"{""size"": ""L"", ""material"": ""Wool"", ""color"": ""Green"", ""gender"": ""Women""}"
Alpine Sweater,Clothing,Men,"{""size"": ""M"", ""material"": ""Polyester"", ""color"": ""White"", ""gender"": ""Men""}"
Alpine Tee,Clothing,Men,"{""size"": ""L"", ""material"": ""Linen"", ""color"": ""Green"", ""gender"": ""Men""}"
Breeze Hoodie,Clothing,Men,"{""size"": ""M"", ""material"": ""Linen"", ""color"": ""Green"", ""gender"": ""Men""}"
Breeze Jacket,Clothing,Men,"{""size"": ""M"", ""material"": ""Linen"", ""color"": ""Green"", ""gender"": ""Unisex""}"
Breeze Jeans,Clothing,Men,"{""size"": ""M"", ""material"": ""Polyester"", ""color"": ""White"", ""gender"": ""Women""}"
Breeze Pants,Clothing,Men,"{""size"": ""M"", ""material"": ""Linen"", ""color"": ""Green"", ""gender"": ""Men""}"
Breeze Shirt,Clothing,Men,"{""size"": ""S"", ""material"": ""Polyester"", ""color"": ""Red"", ""gender"": ""Unisex""}"
Breeze Shorts,Clothing,Men,"{""size"": ""S"", ""material"": ""Wool"", ""color"": ""White"", ""gender"": ""Men""}"
Breeze Sweater,Clothing,Men,"{""size"": ""M"", ""material"": ""Linen"", ""color"": ""White"", ""gender"": ""Unisex""}"
Breeze Tee,Clothing,Men,"{""size"": ""L"", ""material"": ""Linen"", ""color"": ""Green"", ""gender"": ""Women""}"
Classic Hoodie,Clothing,Men,"{""size"": ""L"", ""material"": ""Wool"", ""color"": ""Green"", ""gender"": ""Women""}"
Classic Jacket,Clothing,Men,"{""size"": ""L"", ""material"": ""Linen"", ""color"": ""Black"", ""gender"": ""Men""}"
Classic Jeans,Clothing,Men,"{""size"": ""L"", ""material"": ""Wool"", ""color"": ""Blue"", ""gender"": ""Men""}"
Classic Pants,Clothing,Men,"{""size"": ""XL"", ""material"": ""Cotton"", ""color"": ""Green"", ""gender"": ""Men""}"
Classic Shirt,Clothing,Men,"{""size"": ""S"", ""material"": ""Polyester"", ""color"": ""Blue"", ""gender"": ""Unisex""}"
Classic Shorts,Clothing,Men,"{""size"": ""L"", ""material"": ""Wool"", ""color"": ""White"", ""gender"": ""Unisex""}"
Classic Sweater,Clothing,Men,"{""size"": ""S"", ""material"": ""Polyester"", ""color"": ""White"", ""gender"": ""Women""}"
Classic Tee,Clothing,Men,"{""size"": ""S"", ""material"": ""Cotton"", ""color"": ""White"", ""gender"": ""Men""}"
DeepBlue Hoodie,Clothing,Men,"{""size"": ""XL"", ""material"": ""Linen"", ""color"": ""Red"", ""gender"": ""Women""}"
DeepBlue Jacket,Clothing,Men,"{""size"": ""XL"", ""material"": ""Wool"", ""color"": ""Green"", ""gender"": ""Unisex""}"
DeepBlue Jeans,Clothing,Men,"{""size"": ""M"", ""material"": ""Polyester"", ""color"": ""Red"", ""gender"": ""Women""}"
DeepBlue Pants,Clothing,Men,"{""size"": ""S"", ""material"": ""Linen"", ""color"": ""White"", ""gender"": ""Men""}"
DeepBlue Shirt,Clothing,Men,"{""size"": ""XL"", ""material"": ""Cotton"", ""color"": ""Black"", ""gender"": ""Unisex""}"
DeepBlue Shorts,Clothing,Men,"{""size"": ""L"", ""material"": ""Wool"", ""color"": ""Blue"", ""gender"": ""Unisex""}"
DeepBlue Sweater,Clothing,Men,"{""size"": ""S"", ""material"": ""Polyester"", ""color"": ""Green"", ""gender"": ""Men""}"
DeepBlue Tee,Clothing,Men,"{""size"": ""L"", ""material"": ""Wool"", ""color"": ""Black"", ""gender"": ""Women""}"
LeatherCraft Hoodie,Clothing,Men,"{""size"": ""L"", ""material"": ""Linen"", ""color"": ""White"", ""gender"": ""Women""}"
LeatherCraft Jacket,Clothing,Men,"{""size"": ""XL"", ""material"": ""Wool"", ""color"": ""Blue"", ""gender"": ""Unisex""}"
LeatherCraft Jeans,Clothing,Men,"{""size"": ""XL"", ""material"": ""Linen"", ""color"": ""Red"", ""gender"": ""Unisex""}"
LeatherCraft Pants,Clothing,Men,"{""size"": ""S"", ""material"": ""Cotton"", ""color"": ""Blue"", ""gender"": ""Men""}"
LeatherCraft Shirt,Clothing,Men,"{""size"": ""M"", ""material"": ""Cotton"", ""color"": ""Green"", ""gender"": ""Unisex""}"
LeatherCraft Shorts,Clothing,Men,"{""size"": ""S"", ""material"": ""Wool"", ""color"": ""Red"", ""gender"": ""Men""}"
LeatherCraft Sweater,Clothing,Men,"{""size"": ""M"", ""material"": ""Polyester"", ""color"": ""White"", ""gender"": ""Women""}"
LeatherCraft Tee,Clothing,Men,"{""size"": ""XL"", ""material"": ""Linen"", ""color"": ""Red"", ""gender"": ""Unisex""}"
ModernWear Hoodie,Clothing,Men,"{""size"": ""XL"", ""material"": ""Cotton"", ""color"": ""Black"", ""gender"": ""Unisex""}"
ModernWear Jacket,Clothing,Men,"{""size"": ""M"", ""material"": ""Linen"", ""color"": ""Black"", ""gender"": ""Unisex""}"
ModernWear Jeans,Clothing,Men,"{""size"": ""L"", ""material"": ""Polyester"", ""color"": ""Green"", ""gender"": ""Unisex""}"
ModernWear Pants,Clothing,Men,"{""size"": ""L"", ""material"": ""Wool"", ""color"": ""Red"", ""gender"": ""Unisex""}"
ModernWear Shirt,Clothing,Men,"{""size"": ""S"", ""material"": ""Linen"", ""color"": ""Blue"", ""gender"": ""Women""}"
ModernWear Shorts,Clothing,Men,"{""size"": ""L"", ""material"": ""Wool"", ""color"": ""Black"", ""gender"": ""Unisex""}"
ModernWear Sweater,Clothing,Men,"{""size"": ""XL"", ""material"": ""Polyester"", ""color"": ""Green"", ""gender"": ""Men""}"
ModernWear Tee,Clothing,Men,"{""size"": ""XL"", ""material"": ""Polyester"", ""color"": ""Green"", ""gender"": ""Women""}"
SportFlex Hoodie,Clothing,Men,"{""size"": ""M"", ""material"": ""Polyester"", ""color"": ""Red"", ""gender"": ""Unisex""}"
SportFlex Jacket,Clothing,Men,"{""size"": ""XL"", ""material"": ""Cotton"", ""color"": ""Blue"", ""gender"": ""Unisex""}"
SportFlex Jeans,Clothing,Men,"{""size"": ""XL"", ""material"": ""Cotton"", ""color"": ""Black"", ""gender"": ""Unisex""}"
SportFlex Pants,Clothing,Men,"{""size"": ""S"", ""material"": ""Cotton"", ""color"": ""White"", ""gender"": ""Women""}"
SportFlex Shirt,Clothing,Men,"{""size"": ""XL"", ""material"": ""Cotton"", ""color"": ""White"", ""gender"": ""Women""}"
SportFlex Shorts,Clothing,Men,"{""size"": ""M"", ""material"": ""Polyester"", ""color"": ""White"", ""gender"": ""Men""}"
SportFlex Sweater,Clothing,Men,"{""size"": ""S"", ""material"": ""Wool"", ""color"": ""Red"", ""gender"": ""Women""}"
SportFlex Tee,Clothing,Men,"{""size"": ""M"", ""material"": ""Linen"", ""color"": ""Blue"", ""gender"": ""Women""}"
UrbanFit Hoodie,Clothing,Men,"{""size"": ""S"", ""material"": ""Wool"", ""color"": ""White"", ""gender"": ""Men""}"
UrbanFit Jacket,Clothing,Men,"{""size"": ""XL"", ""material"": ""Wool"", ""color"": ""Red"", ""gender"": ""Women""}"
UrbanFit Jeans,Clothing,Men,"{""size"": ""L"", ""material"": ""Cotton"", ""color"": ""Green"", ""gender"": ""Women""}"
UrbanFit Pants,Clothing,Men,"{""size"": ""M"", ""material"": ""Cotton"", ""color"": ""Black"", ""gender"": ""Women""}"
UrbanFit Shirt,Clothing,Men,"{""size"": ""L"", ""material"": ""Cotton"", ""color"": ""Blue"", ""gender"": ""Unisex""}"
UrbanFit Shorts,Clothing,Men,"{""size"": ""L"", ""material"": ""Polyester"", ""color"": ""White"", ""gender"": ""Women""}"
UrbanFit Sweater,Clothing,Men,"{""size"": ""S"", ""material"": ""Wool"", ""color"": ""Black"", ""gender"": ""Women""}"
UrbanFit Tee,Clothing,Men,"{""size"": ""XL"", ""material"": ""Polyester"", ""color"": ""Red"", ""gender"": ""Unisex""}"
ComfortFit Blouse,Clothing,Women,"{""size"": ""M"", ""material"": ""Cotton"", ""color"": ""Green"", ""gender"": ""Unisex""}"
ComfortFit Cardigan,Clothing,Women,"{""size"": ""L"", ""material"": ""Polyester"", ""color"": ""Blue"", ""gender"": ""Women""}"
ComfortFit Dress,Clothing,Women,"{""size"": ""M"", ""material"": ""Linen"", ""color"": ""Red"", ""gender"": ""Women""}"
ComfortFit Jacket,Clothing,Women,"{""size"": ""XL"", ""material"": ""Polyester"", ""color"": ""Green"", ""gender"": ""Women""}"
ComfortFit Leggings,Clothing,Women,"{""size"": ""L"", ""material"": ""Wool"", ""color"": ""Green"", ""gender"": ""Men""}"
ComfortFit Skirt,Clothing,Women,"{""size"": ""M"", ""material"": ""Cotton"", ""color"": ""Blue"", ""gender"": ""Women""}"
ComfortFit Sweater,Clothing,Women,"{""size"": ""XL"", ""material"": ""Linen"", ""color"": ""Black"", ""gender"": ""Men""}"
Floral Blouse,Clothing,Women,"{""size"": ""L"", ""material"": ""Cotton"", ""color"": ""Red"", ""gender"": ""Unisex""}"
Floral Cardigan,Clothing,Women,"{""size"": ""L"", ""material"": ""Wool"", ""color"": ""Black"", ""gender"": ""Women""}"
Floral Dress,Clothing,Women,"{""size"": ""L"", ""material"": ""Polyester"", ""color"": ""Green"", ""gender"": ""Men""}"
Floral Jacket,Clothing,Women,"{""size"": ""XL"", ""material"": ""Linen"", ""color"": ""Red"", ""gender"": ""Men""}"
Floral Leggings,Clothing,Women,"{""size"": ""L"", ""material"": ""Cotton"", ""color"": ""Blue"", ""gender"": ""Unisex""}"
Floral Skirt,Clothing,Women,"{""size"": ""M"", ""material"": ""Polyester"", ""color"": ""White"", ""gender"": ""Men""}"
Floral Sweater,Clothing,Women,"{""size"": ""L"", ""material"": ""Polyester"", ""color"": ""White"", ""gender"": ""Men""}"
SatinLuxe Blouse,Clothing,Women,"{""size"": ""L"", ""material"": ""Cotton"", ""color"": ""White"", ""gender"": ""Unisex""}"
SatinLuxe Cardigan,Clothing,Women,"{""size"": ""XL"", ""material"": ""Wool"", ""color"": ""Black"", ""gender"": ""Women""}"
SatinLuxe Dress,Clothing,Women,"{""size"": ""S"", ""material"": ""Cotton"", ""color"": ""Black"", ""gender"": ""Unisex""}"
SatinLuxe Jacket,Clothing,Women,"{""size"": ""M"", ""material"": ""Wool"", ""color"": ""Green"", ""gender"": ""Women""}"
SatinLuxe Leggings,Clothing,Women,"{""size"": ""XL"", ""material"": ""Wool"", ""color"": ""Black"", ""gender"": ""Men""}"
SatinLuxe Skirt,Clothing,Women,"{""size"": ""S"", ""material"": ""Cotton"", ""color"": ""Blue"", ""gender"": ""Unisex""}"
SatinLuxe Sweater,Clothing,Women,"{""size"": ""L"", ""material"": ""Cotton"", ""color"": ""Green"", ""gender"": ""Men""}"
SilkElegance Blouse,Clothing,Women,"{""size"": ""M"", ""material"": ""Wool"", ""color"": ""Green"", ""gender"": ""Women""}"
SilkElegance Cardigan,Clothing,Women,"{""size"": ""M"", ""material"": ""Linen"", ""color"": ""Black"", ""gender"": ""Women""}"
SilkElegance Dress,Clothing,Women,"{""size"": ""M"", ""material"": ""Linen"", ""color"": ""Red"", ""gender"": ""Men""}"
SilkElegance Jacket,Clothing,Women,"{""size"": ""XL"", ""material"": ""Wool"", ""color"": ""Red"", ""gender"": ""Women""}"
SilkElegance Leggings,Clothing,Women,"{""size"": ""L"", ""material"": ""Polyester"", ""color"": ""Blue"", ""gender"": ""Women""}"
SilkElegance Skirt,Clothing,Women,"{""size"": ""M"", ""material"": ""Linen"", ""color"": ""Red"", ""gender"": ""Unisex""}"
SilkElegance Sweater,Clothing,Women,"{""size"": ""L"", ""material"": ""Cotton"", ""color"": ""Black"", ""gender"": ""Men""}"
SoftWeave Blouse,Clothing,Women,"{""size"": ""M"", ""material"": ""Polyester"", ""color"": ""Green"", ""gender"": ""Women""}"
SoftWeave Cardigan,Clothing,Women,"{""size"": ""L"", ""material"": ""Wool"", ""color"": ""Red"", ""gender"": ""Men""}"
SoftWeave Dress,Clothing,Women,"{""size"": ""S"", ""material"": ""Cotton"", ""color"": ""Black"", ""gender"": ""Women""}"
SoftWeave Jacket,Clothing,Women,"{""size"": ""M"", ""material"": ""Cotton"", ""color"": ""Black"", ""gender"": ""Women""}"
SoftWeave Leggings,Clothing,Women,"{""size"": ""L"", ""material"": ""Linen"", ""color"": ""White"", ""gender"": ""Men""}"
SoftWeave Skirt,Clothing,Women,"{""size"": ""L"", ""material"": ""Cotton"", ""color"": ""Red"", ""gender"": ""Women""}"
SoftWeave Sweater,Clothing,Women,"{""size"": ""L"", ""material"": ""Linen"", ""color"": ""Green"", ""gender"": ""Men""}"
UrbanLine Blouse,Clothing,Women,"{""size"": ""M"", ""material"": ""Wool"", ""color"": ""Red"", ""gender"": ""Women""}"
UrbanLine Cardigan,Clothing,Women,"{""size"": ""S"", ""material"": ""Wool"", ""color"": ""Black"", ""gender"": ""Women""}"
UrbanLine Dress,Clothing,Women,"{""size"": ""S"", ""material"": ""Wool"", ""color"": ""Green"", ""gender"": ""Unisex""}"
UrbanLine Jacket,Clothing,Women,"{""size"": ""M"", ""material"": ""Linen"", ""color"": ""Red"", ""gender"": ""Unisex""}"
UrbanLine Leggings,Clothing,Women,"{""size"": ""L"", ""material"": ""Linen"", ""color"": ""Blue"", ""gender"": ""Unisex""}"
UrbanLine Skirt,Clothing,Women,"{""size"": ""M"", ""material"": ""Linen"", ""color"": ""Red"", ""gender"": ""Men""}"
UrbanLine Sweater,Clothing,Women,"{""size"": ""L"", ""material"": ""Wool"", ""color"": ""Green"", ""gender"": ""Men""}"
WinterCozy Blouse,Clothing,Women,"{""size"": ""S"", ""material"": ""Wool"", ""color"": ""Blue"", ""gender"": ""Men""}"
WinterCozy Cardigan,Clothing,Women,"{""size"": ""L"", ""material"": ""Linen"", ""color"": ""Green"", ""gender"": ""Men""}"
WinterCozy Dress,Clothing,Women,"{""size"": ""XL"", ""material"": ""Polyester"", ""color"": ""Black"", ""gender"": ""Women""}"
WinterCozy Jacket,Clothing,Women,"{""size"": ""L"", ""material"": ""Cotton"", ""color"": ""Blue"", ""gender"": ""Unisex""}"
WinterCozy Leggings,Clothing,Women,"{""size"": ""XL"", ""material"": ""Wool"", ""color"": ""White"", ""gender"": ""Men""}"
WinterCozy Skirt,Clothing,Women,"{""size"": ""M"", ""material"": ""Wool"", ""color"": ""White"", ""gender"": ""Men""}"
WinterCozy Sweater,Clothing,Women,"{""size"": ""S"", ""material"": ""Cotton"", ""color"": ""Blue"", ""gender"": ""Men""}"
BrightKid Hoodie,Clothing,Kids,"{""size"": ""L"", ""material"": ""Cotton"", ""color"": ""Black"", ""gender"": ""Unisex""}"
BrightKid Jeans,Clothing,Kids,"{""size"": ""XL"", ""material"": ""Wool"", ""color"": ""Black"", ""gender"": ""Men""}"
BrightKid Pajamas,Clothing,Kids,"{""size"": ""M"", ""material"": ""Wool"", ""color"": ""Black"", ""gender"": ""Women""}"
BrightKid Shoes,Clothing,Kids,"{""size"": ""L"", ""material"": ""Polyester"", ""color"": ""Black"", ""gender"": ""Men""}"
BrightKid Shorts,Clothing,Kids,"{""size"": ""S"", ""material"": ""Linen"", ""color"": ""Black"", ""gender"": ""Women""}"
BrightKid Sweater,Clothing,Kids,"{""size"": ""M"", ""material"": ""Polyester"", ""color"": ""Black"", ""gender"": ""Men""}"
BrightKid Tee,Clothing,Kids,"{""size"": ""S"", ""material"": ""Cotton"", ""color"": ""Blue"", ""gender"": ""Unisex""}"
FunPrint Hoodie,Clothing,Kids,"{""size"": ""M"", ""material"": ""Wool"", ""color"": ""Green"", ""gender"": ""Unisex""}"
FunPrint Jeans,Clothing,Kids,"{""size"": ""XL"", ""material"": ""Polyester"", ""color"": ""White"", ""gender"": ""Women""}"
FunPrint Pajamas,Clothing,Kids,"{""size"": ""L"", ""material"": ""Wool"", ""color"": ""Red"", ""gender"": ""Men""}"
FunPrint Shoes,Clothing,Kids,"{""size"": ""S"", ""material"": ""Polyester"", ""color"": ""Green"", ""gender"": ""Men""}"
FunPrint Shorts,Clothing,Kids,"{""size"": ""S"", ""material"": ""Cotton"", ""color"": ""Green"", ""gender"": ""Men""}"
FunPrint Sweater,Clothing,Kids,"{""size"": ""L"", ""material"": ""Wool"", ""color"": ""Blue"", ""gender"": ""Men""}"
FunPrint Tee,Clothing,Kids,"{""size"": ""S"", ""material"": ""Cotton"", ""color"": ""Green"", ""gender"": ""Unisex""}"
HappyBear Hoodie,Clothing,Kids,"{""size"": ""M"", ""material"": ""Linen"", ""color"": ""Black"", ""gender"": ""Unisex""}"
HappyBear Jeans,Clothing,Kids,"{""size"": ""M"", ""material"": ""Wool"", ""color"": ""Green"", ""gender"": ""Men""}"
HappyBear Pajamas,Clothing,Kids,"{""size"": ""S"", ""material"": ""Polyester"", ""color"": ""White"", ""gender"": ""Men""}"
HappyBear Shoes,Clothing,Kids,"{""size"": ""M"", ""material"": ""Wool"", ""color"": ""Red"", ""gender"": ""Men""}"
HappyBear Shorts,Clothing,Kids,"{""size"": ""M"", ""material"": ""Polyester"", ""color"": ""Blue"", ""gender"": ""Unisex""}"
HappyBear Sweater,Clothing,Kids,"{""size"": ""L"", ""material"": ""Polyester"", ""color"": ""Blue"", ""gender"": ""Unisex""}"
HappyBear Tee,Clothing,Kids,"{""size"": ""S"", ""material"": ""Wool"", ""color"": ""Red"", ""gender"": ""Men""}"
LittleStar Hoodie,Clothing,Kids,"{""size"": ""M"", ""material"": ""Linen"", ""color"": ""Green"", ""gender"": ""Unisex""}"
LittleStar Jeans,Clothing,Kids,"{""size"": ""L"", ""material"": ""Cotton"", ""color"": ""Blue"", ""gender"": ""Unisex""}"
LittleStar Pajamas,Clothing,Kids,"{""size"": ""L"", ""material"": ""Wool"", ""color"": ""Black"", ""gender"": ""Unisex""}"
LittleStar Shoes,Clothing,Kids,"{""size"": ""S"", ""material"": ""Cotton"", ""color"": ""Green"", ""gender"": ""Women""}"
LittleStar Shorts,Clothing,Kids,"{""size"": ""S"", ""material"": ""Cotton"", ""color"": ""White"", ""gender"": ""Men""}"
LittleStar Sweater,Clothing,Kids,"{""size"": ""M"", ""material"": ""Wool"", ""color"": ""Red"", ""gender"": ""Men""}"
LittleStar Tee,Clothing,Kids,"{""size"": ""S"", ""material"": ""Cotton"", ""color"": ""Black"", ""gender"": ""Men""}"
MiniExplorer Hoodie,Clothing,Kids,"{""size"": ""M"", ""material"": ""Linen"", ""color"": ""Green"", ""gender"": ""Unisex""}"
MiniExplorer Jeans,Clothing,Kids,"{""size"": ""S"", ""material"": ""Cotton"", ""color"": ""Green"", ""gender"": ""Men""}"
MiniExplorer Pajamas,Clothing,Kids,"{""size"": ""L"", ""material"": ""Cotton"", ""color"": ""Red"", ""gender"": ""Unisex""}"
MiniExplorer Shoes,Clothing,Kids,"{""size"": ""M"", ""material"": ""Linen"", ""color"": ""Black"", ""gender"": ""Unisex""}"
MiniExplorer Shorts,Clothing,Kids,"{""size"": ""S"", ""material"": ""Polyester"", ""color"": ""Green"", ""gender"": ""Women""}"
MiniExplorer Sweater,Clothing,Kids,"{""size"": ""M"", ""material"": ""Polyester"", ""color"": ""Green"", ""gender"": ""Unisex""}"
MiniExplorer Tee,Clothing,Kids,"{""size"": ""L"", ""material"": ""Polyester"", ""color"": ""Black"", ""gender"": ""Women""}"
Rainbow Hoodie,Clothing,Kids,"{""size"": ""XL"", ""material"": ""Polyester"", ""color"": ""Blue"", ""gender"": ""Men""}"
Rainbow Jeans,Clothing,Kids,"{""size"": ""S"", ""material"": ""Linen"", ""color"": ""White"", ""gender"": ""Unisex""}"
Rainbow Pajamas,Clothing,Kids,"{""size"": ""S"", ""material"": ""Wool"", ""color"": ""White"", ""gender"": ""Men""}"
Rainbow Shoes,Clothing,Kids,"{""size"": ""XL"", ""material"": ""Cotton"", ""color"": ""Red"", ""gender"": ""Unisex""}"
Rainbow Shorts,Clothing,Kids,"{""size"": ""M"", ""material"": ""Cotton"", ""color"": ""Red"", ""gender"": ""Women""}"
Rainbow Sweater,Clothing,Kids,"{""size"": ""L"", ""material"": ""Polyester"", ""color"": ""White"", ""gender"": ""Men""}"
Rainbow Tee,Clothing,Kids,"{""size"": ""S"", ""material"": ""Wool"", ""color"": ""Black"", ""gender"": ""Men""}"
SoftCloud Hoodie,Clothing,Kids,"{""size"": ""S"", ""material"": ""Linen"", ""color"": ""Black"", ""gender"": ""Unisex""}"
SoftCloud Jeans,Clothing,Kids,"{""size"": ""L"", ""material"": ""Polyester"", ""color"": ""Green"", ""gender"": ""Men""}"
SoftCloud Pajamas,Clothing,Kids,"{""size"": ""XL"", ""material"": ""Polyester"", ""color"": ""Green"", ""gender"": ""Unisex""}"
SoftCloud Shoes,Clothing,Kids,"{""size"": ""M"", ""material"": ""Linen"", ""color"": ""Red"", ""gender"": ""Women""}"
SoftCloud Shorts,Clothing,Kids,"{""size"": ""XL"", ""material"": ""Linen"", ""color"": ""Black"", ""gender"": ""Men""}"
SoftCloud Sweater,Clothing,Kids,"{""size"": ""M"", ""material"": ""Linen"", ""color"": ""Black"", ""gender"": ""Unisex""}"
SoftCloud Tee,Clothing,Kids,"{""size"": ""M"", ""material"": ""Linen"", ""color"": ""Red"", ""gender"": ""Men""}"
ComfortHome Cabinet,Home,Furniture,"{""material"": ""Plastic"", ""color"": ""White"", ""dimensions"": ""196x111x46 cm""}"
ComfortHome Chair,Home,Furniture,"{""material"": ""Glass"", ""color"": ""White"", ""dimensions"": ""160x53x39 cm""}"
ComfortHome Desk,Home,Furniture,"{""material"": ""Wood"", ""color"": ""Black"", ""dimensions"": ""92x147x87 cm""}"
ComfortHome Shelf,Home,Furniture,"{""material"": ""Metal"", ""color"": ""Black"", ""dimensions"": ""142x113x76 cm""}"
ComfortHome Sofa,Home,Furniture,"{""material"": ""Wood"", ""color"": ""Black"", ""dimensions"": ""79x164x77 cm""}"
ComfortHome Stool,Home,Furniture,"{""material"": ""Glass"", ""color"": ""Brown"", ""dimensions"": ""152x63x48 cm""}"
ComfortHome Table,Home,Furniture,"{""material"": ""Wood"", ""color"": ""White"", ""dimensions"": ""71x63x53 cm""}"
FlexiWork Cabinet,Home,Furniture,"{""material"": ""Plastic"", ""color"": ""Brown"", ""dimensions"": ""88x112x31 cm""}"
FlexiWork Chair,Home,Furniture,"{""material"": ""Glass"", ""color"": ""Brown"", ""dimensions"": ""116x168x80 cm""}"
FlexiWork Desk,Home,Furniture,"{""material"": ""Plastic"", ""color"": ""Brown"", ""dimensions"": ""167x66x64 cm""}"
FlexiWork Shelf,Home,Furniture,"{""material"": ""Metal"", ""color"": ""Black"", ""dimensions"": ""93x118x75 cm""}"
FlexiWork Sofa,Home,Furniture,"{""material"": ""Plastic"", ""color"": ""Gray"", ""dimensions"": ""61x98x56 cm""}"
FlexiWork Stool,Home,Furniture,"{""material"": ""Metal"", ""color"": ""Black"", ""dimensions"": ""128x86x41 cm""}"
FlexiWork Table,Home,Furniture,"{""material"": ""Plastic"", ""color"": ""Gray"", ""dimensions"": ""198x98x85 cm""}"
NordicEdge Cabinet,Home,Furniture,"{""material"": ""Plastic"", ""color"": ""Black"", ""dimensions"": ""192x167x74 cm""}"
NordicEdge Chair,Home,Furniture,"{""material"": ""Glass"", ""color"": ""Gray"", ""dimensions"": ""191x151x100 cm""}"
NordicEdge Desk,Home,Furniture,"{""material"": ""Wood"", ""color"": ""White"", ""dimensions"": ""155x141x39 cm""}"
NordicEdge Shelf,Home,Furniture,"{""material"": ""Glass"", ""color"": ""White"", ""dimensions"": ""191x76x44 cm""}"
NordicEdge Sofa,Home,Furniture,"{""material"": ""Wood"", ""color"": ""Black"", ""dimensions"": ""72x168x76 cm""}"
NordicEdge Stool,Home,Furniture,"{""material"": ""Plastic"", ""color"": ""Gray"", ""dimensions"": ""181x147x71 cm""}"
NordicEdge Table,Home,Furniture,"{""material"": ""Wood"", ""color"": ""Black"", ""dimensions"": ""71x102x39 cm""}"
OakCraft Cabinet,Home,Furniture,"{""material"": ""Metal"", ""color"": ""Gray"", ""dimensions"": ""130x78x68 cm""}"
OakCraft Chair,Home,Furniture,"{""material"": ""Glass"", ""color"": ""White"", ""dimensions"": ""98x122x75 cm""}"
OakCraft Desk,Home,Furniture,"{""material"": ""Plastic"", ""color"": ""White"", ""dimensions"": ""65x200x96 cm""}"
OakCraft Shelf,Home,Furniture,"{""material"": ""Glass"", ""color"": ""Brown"", ""dimensions"": ""97x83x72 cm""}"
OakCraft Sofa,Home,Furniture,"{""material"": ""Glass"", ""color"": ""Gray"", ""dimensions"": ""199x192x48 cm""}"
OakCraft Stool,Home,Furniture,"{""material"": ""Glass"", ""color"": ""Gray"", ""dimensions"": ""145x128x94 cm""}"
OakCraft Table,Home,Furniture,"{""material"": ""Glass"", ""color"": ""Black"", ""dimensions"": ""52x177x69 cm""}"
PureOak Cabinet,Home,Furniture,"{""material"": ""Plastic"", ""color"": ""Gray"", ""dimensions"": ""145x150x54 cm""}"
PureOak Chair,Home,Furniture,"{""material"": ""Wood"", ""color"": ""Brown"", ""dimensions"": ""68x172x98 cm""}"
PureOak Desk,Home,Furniture,"{""material"": ""Glass"", ""color"": ""Gray"", ""dimensions"": ""138x165x61 cm""}"
PureOak Shelf,Home,Furniture,"{""material"": ""Plastic"", ""color"": ""Gray"", ""dimensions"": ""121x175x77 cm""}"
PureOak Sofa,Home,Furniture,"{""material"": ""Glass"", ""color"": ""Brown"", ""dimensions"": ""140x120x40 cm""}"
PureOak Stool,Home,Furniture,"{""material"": ""Glass"", ""color"": ""White"", ""dimensions"": ""192x166x77 cm""}"
PureOak Table,Home,Furniture,"{""material"": ""Metal"", ""color"": ""Brown"", ""dimensions"": ""116x161x91 cm""}"
RusticPro Cabinet,Home,Furniture,"{""material"": ""Wood"", ""color"": ""Brown"", ""dimensions"": ""72x125x100 cm""}"
RusticPro Chair,Home,Furniture,"{""material"": ""Plastic"", ""color"": ""Black"", ""dimensions"": ""84x155x71 cm""}"
RusticPro Desk,Home,Furniture,"{""material"": ""Wood"", ""color"": ""White"", ""dimensions"": ""68x119x81 cm""}"
RusticPro Shelf,Home,Furniture,"{""material"": ""Plastic"", ""color"": ""White"", ""dimensions"": ""179x54x86 cm""}"
RusticPro Sofa,Home,Furniture,"{""material"": ""Wood"", ""color"": ""Brown"", ""dimensions"": ""77x155x91 cm""}"
RusticPro Stool,Home,Furniture,"{""material"": ""Wood"", ""color"": ""White"", ""dimensions"": ""146x85x88 cm""}"
RusticPro Table,Home,Furniture,"{""material"": ""Plastic"", ""color"": ""Black"", ""dimensions"": ""132x107x74 cm""}"
SoftRelax Cabinet,Home,Furniture,"{""material"": ""Metal"", ""color"": ""Brown"", ""dimensions"": ""63x196x60 cm""}"
SoftRelax Chair,Home,Furniture,"{""material"": ""Glass"", ""color"": ""Black"", ""dimensions"": ""189x73x80 cm""}"
SoftRelax Desk,Home,Furniture,"{""material"": ""Metal"", ""color"": ""White"", ""dimensions"": ""105x87x65 cm""}"
SoftRelax Shelf,Home,Furniture,"{""material"": ""Glass"", ""color"": ""Brown"", ""dimensions"": ""159x110x30 cm""}"
SoftRelax Sofa,Home,Furniture,"{""material"": ""Plastic"", ""color"": ""Gray"", ""dimensions"": ""66x117x97 cm""}"
SoftRelax Stool,Home,Furniture,"{""material"": ""Metal"", ""color"": ""White"", ""dimensions"": ""88x190x82 cm""}"
SoftRelax Table,Home,Furniture,"{""material"": ""Plastic"", ""color"": ""Brown"", ""dimensions"": ""83x80x96 cm""}"
BakePro Blender,Home,Kitchen,"{""material"": ""Plastic"", ""dishwasher_safe"": true, ""color"": ""Silver""}"
BakePro Cookware,Home,Kitchen,"{""material"": ""Steel"", ""dishwasher_safe"": true, ""color"": ""Silver""}"
BakePro Juicer,Home,Kitchen,"{""material"": ""Plastic"", ""dishwasher_safe"": true, ""color"": ""Black""}"
BakePro Kettle,Home,Kitchen,"{""material"": ""Ceramic"", ""dishwasher_safe"": true, ""color"": ""Black""}"
BakePro KnifeSet,Home,Kitchen,"{""material"": ""Plastic"", ""dishwasher_safe"": false, ""color"": ""Red""}"
BakePro Pan,Home,Kitchen,"{""material"": ""Ceramic"", ""dishwasher_safe"": true, ""color"": ""White""}"
BakePro Tray,Home,Kitchen,"{""material"": ""Ceramic"", ""dishwasher_safe"": true, ""color"": ""White""}"
ChefMaster Blender,Home,Kitchen,"{""material"": ""Steel"", ""dishwasher_safe"": true, ""color"": ""Red""}"
ChefMaster Cookware,Home,Kitchen,"{""material"": ""Ceramic"", ""dishwasher_safe"": false, ""color"": ""Red""}"
ChefMaster Juicer,Home,Kitchen,"{""material"": ""Plastic"", ""dishwasher_safe"": true, ""color"": ""Black""}"
ChefMaster Kettle,Home,Kitchen,"{""material"": ""Steel"", ""dishwasher_safe"": true, ""color"": ""Red""}"
ChefMaster KnifeSet,Home,Kitchen,"{""material"": ""Plastic"", ""dishwasher_safe"": true, ""color"": ""Red""}"
ChefMaster Pan,Home,Kitchen,"{""material"": ""Steel"", ""dishwasher_safe"": true, ""color"": ""Silver""}"
ChefMaster Tray,Home,Kitchen,"{""material"": ""Ceramic"", ""dishwasher_safe"": false, ""color"": ""Black""}"
HomeEase Blender,Home,Kitchen,"{""material"": ""Steel"", ""dishwasher_safe"": false, ""color"": ""White""}"
HomeEase Cookware,Home,Kitchen,"{""material"": ""Steel"", ""dishwasher_safe"": false, ""color"": ""Silver""}"
HomeEase Juicer,Home,Kitchen,"{""material"": ""Ceramic"", ""dishwasher_safe"": false, ""color"": ""Black""}"
HomeEase Kettle,Home,Kitchen,"{""material"": ""Plastic"", ""dishwasher_safe"": true, ""color"": ""White""}"
HomeEase KnifeSet,Home,Kitchen,"{""material"": ""Steel"", ""dishwasher_safe"": true, ""color"": ""Black""}"
HomeEase Pan,Home,Kitchen,"{""material"": ""Steel"", ""dishwasher_safe"": false, ""color"": ""Silver""}"
HomeEase Tray,Home,Kitchen,"{""material"": ""Steel"", ""dishwasher_safe"": false, ""color"": ""Red""}"
KitchenPro Blender,Home,Kitchen,"{""material"": ""Plastic"", ""dishwasher_safe"": false, ""color"": ""White""}"
KitchenPro Cookware,Home,Kitchen,"{""material"": ""Ceramic"", ""dishwasher_safe"": false, ""color"": ""Silver""}"
KitchenPro Juicer,Home,Kitchen,"{""material"": ""Plastic"", ""dishwasher_safe"": false, ""color"": ""Silver""}"
KitchenPro Kettle,Home,Kitchen,"{""material"": ""Plastic"", ""dishwasher_safe"": false, ""color"": ""White""}"
KitchenPro KnifeSet,Home,Kitchen,"{""material"": ""Ceramic"", ""dishwasher_safe"": false, ""color"": ""Black""}"
KitchenPro Pan,Home,Kitchen,"{""material"": ""Plastic"", ""dishwasher_safe"": false, ""color"": ""Black""}"
KitchenPro Tray,Home,Kitchen,"{""material"": ""Ceramic"", ""dishwasher_safe"": true, ""color"": ""Silver""}"
SmartHeat Blender,Home,Kitchen,"{""material"": ""Plastic"", ""dishwasher_safe"": false, ""color"": ""Silver""}"
SmartHeat Cookware,Home,Kitchen,"{""material"": ""Steel"", ""dishwasher_safe"": true, ""color"": ""White""}"
SmartHeat Juicer,Home,Kitchen,"{""material"": ""Plastic"", ""dishwasher_safe"": false, ""color"": ""White""}"
SmartHeat Kettle,Home,Kitchen,"{""material"": ""Plastic"", ""dishwasher_safe"": true, ""color"": ""Black""}"
SmartHeat KnifeSet,Home,Kitchen,"{""material"": ""Plastic"", ""dishwasher_safe"": false, ""color"": ""Silver""}"
SmartHeat Pan,Home,Kitchen,"{""material"": ""Plastic"", ""dishwasher_safe"": false, ""color"": ""Black""}"
SmartHeat Tray,Home,Kitchen,"{""material"": ""Ceramic"", ""dishwasher_safe"": true, ""color"": ""White""}"
SteelChef Blender,Home,Kitchen,"{""material"": ""Plastic"", ""dishwasher_safe"": true, ""color"": ""Red""}"
SteelChef Cookware,Home,Kitchen,"{""material"": ""Ceramic"", ""dishwasher_safe"": false, ""color"": ""Red""}"
SteelChef Juicer,Home,Kitchen,"{""material"": ""Steel"", ""dishwasher_safe"": true, ""color"": ""White""}"
SteelChef Kettle,Home,Kitchen,"{""material"": ""Ceramic"", ""dishwasher_safe"": true, ""color"": ""Silver""}"
SteelChef KnifeSet,Home,Kitchen,"{""material"": ""Plastic"", ""dishwasher_safe"": false, ""color"": ""Silver""}"
SteelChef Pan,Home,Kitchen,"{""material"": ""Plastic"", ""dishwasher_safe"": true, ""color"": ""Red""}"
SteelChef Tray,Home,Kitchen,"{""material"": ""Ceramic"", ""dishwasher_safe"": false, ""color"": ""Silver""}"
AmbientGlow Blanket,Home,Decor,"{""style"": ""Classic"", ""color"": ""Gold"", ""material"": ""Wood""}"
AmbientGlow Cushion,Home,Decor,"{""style"": ""Classic"", ""color"": ""Green"", ""material"": ""Glass""}"
AmbientGlow Diffuser,Home,Decor,"{""style"": ""Modern"", ""color"": ""Gold"", ""material"": ""Glass""}"
AmbientGlow Frame,Home,Decor,"{""style"": ""Boho"", ""color"": ""Green"", ""material"": ""Wood""}"
AmbientGlow Lamp,Home,Decor,"{""style"": ""Classic"", ""color"": ""Blue"", ""material"": ""Glass""}"
AmbientGlow Plant,Home,Decor,"{""style"": ""Classic"", ""color"": ""Blue"", ""material"": ""Fabric""}"
CozyNest Blanket,Home,Decor,"{""style"": ""Minimalist"", ""color"": ""Green"", ""material"": ""Plastic""}"
CozyNest Cushion,Home,Decor,"{""style"": ""Minimalist"", ""color"": ""Blue"", ""material"": ""Wood""}"
CozyNest Diffuser,Home,Decor,"{""style"": ""Minimalist"", ""color"": ""Green"", ""material"": ""Glass""}"
CozyNest Frame,Home,Decor,"{""style"": ""Minimalist"", ""color"": ""White"", ""material"": ""Fabric""}"
CozyNest Lamp,Home,Decor,"{""style"": ""Modern"", ""color"": ""Gold"", ""material"": ""Wood""}"
CozyNest Plant,Home,Decor,"{""style"": ""Modern"", ""color"": ""Blue"", ""material"": ""Fabric""}"
GreenLeaf Blanket,Home,Decor,"{""style"": ""Minimalist"", ""color"": ""Blue"", ""material"": ""Plastic""}"
GreenLeaf Cushion,Home,Decor,"{""style"": ""Boho"", ""color"": ""Blue"", ""material"": ""Plastic""}"
GreenLeaf Diffuser,Home,Decor,"{""style"": ""Boho"", ""color"": ""Blue"", ""material"": ""Plastic""}"
GreenLeaf Frame,Home,Decor,"{""style"": ""Minimalist"", ""color"": ""Green"", ""material"": ""Plastic""}"
GreenLeaf Lamp,Home,Decor,"{""style"": ""Minimalist"", ""color"": ""White"", ""material"": ""Wood""}"
GreenLeaf Plant,Home,Decor,"{""style"": ""Minimalist"", ""color"": ""Gold"", ""material"": ""Fabric""}"
HomeAura Blanket,Home,Decor,"{""style"": ""Minimalist"", ""color"": ""White"", ""material"": ""Wood""}"
HomeAura Cushion,Home,Decor,"{""style"": ""Boho"", ""color"": ""Blue"", ""material"": ""Fabric""}"
HomeAura Diffuser,Home,Decor,"{""style"": ""Boho"", ""color"": ""White"", ""material"": ""Plastic""}"
HomeAura Frame,Home,Decor,"{""style"": ""Classic"", ""color"": ""Gold"", ""material"": ""Wood""}"
HomeAura Lamp,Home,Decor,"{""style"": ""Minimalist"", ""color"": ""Green"", ""material"": ""Fabric""}"
HomeAura Plant,Home,Decor,"{""style"": ""Classic"", ""color"": ""Gold"", ""material"": ""Plastic""}"
ModernArt Blanket,Home,Decor,"{""style"": ""Boho"", ""color"": ""Gold"", ""material"": ""Fabric""}"
ModernArt Cushion,Home,Decor,"{""style"": ""Boho"", ""color"": ""Green"", ""material"": ""Wood""}"
ModernArt Diffuser,Home,Decor,"{""style"": ""Modern"", ""color"": ""Gold"", ""material"": ""Plastic""}"
ModernArt Frame,Home,Decor,"{""style"": ""Classic"", ""color"": ""Blue"", ""material"": ""Plastic""}"
ModernArt Lamp,Home,Decor,"{""style"": ""Classic"", ""color"": ""Green"", ""material"": ""Wood""}"
ModernArt Plant,Home,Decor,"{""style"": ""Modern"", ""color"": ""Green"", ""material"": ""Fabric""}"
PureScent Blanket,Home,Decor,"{""style"": ""Minimalist"", ""color"": ""Green"", ""material"": ""Fabric""}"
PureScent Cushion,Home,Decor,"{""style"": ""Classic"", ""color"": ""White"", ""material"": ""Fabric""}"
PureScent Diffuser,Home,Decor,"{""style"": ""Classic"", ""color"": ""Green"", ""material"": ""Plastic""}"
PureScent Frame,Home,Decor,"{""style"": ""Classic"", ""color"": ""Green"", ""material"": ""Wood""}"
PureScent Lamp,Home,Decor,"{""style"": ""Classic"", ""color"": ""Green"", ""material"": ""Plastic""}"
PureScent Plant,Home,Decor,"{""style"": ""Classic"", ""color"": ""Gold"", ""material"": ""Fabric""}"
CardioMax Band,Sports,Fitness,"{""weight"": ""20 kg"", ""material"": ""Foam"", ""color"": ""Green""}"
CardioMax Barbell,Sports,Fitness,"{""weight"": ""5 kg"", ""material"": ""Steel"", ""color"": ""Blue""}"
CardioMax Dumbbell,Sports,Fitness,"{""weight"": ""5 kg"", ""material"": ""Rubber"", ""color"": ""Black""}"
CardioMax Kettlebell,Sports,Fitness,"{""weight"": ""2 kg"", ""material"": ""Steel"", ""color"": ""Red""}"
CardioMax Mat,Sports,Fitness,"{""weight"": ""2 kg"", ""material"": ""Foam"", ""color"": ""Green""}"
CardioMax Rope,Sports,Fitness,"{""weight"": ""1 kg"", ""material"": ""Rubber"", ""color"": ""Green""}"
CardioMax Stepper,Sports,Fitness,"{""weight"": ""10 kg"", ""material"": ""Rubber"", ""color"": ""Blue""}"
FlexPro Band,Sports,Fitness,"{""weight"": ""2 kg"", ""material"": ""Steel"", ""color"": ""Green""}"
FlexPro Barbell,Sports,Fitness,"{""weight"": ""5 kg"", ""material"": ""Foam"", ""color"": ""Green""}"
FlexPro Dumbbell,Sports,Fitness,"{""weight"": ""10 kg"", ""material"": ""Rubber"", ""color"": ""Black""}"
FlexPro Kettlebell,Sports,Fitness,"{""weight"": ""5 kg"", ""material"": ""Foam"", ""color"": ""Blue""}"
FlexPro Mat,Sports,Fitness,"{""weight"": ""1 kg"", ""material"": ""Steel"", ""color"": ""Red""}"
FlexPro Rope,Sports,Fitness,"{""weight"": ""20 kg"", ""material"": ""Foam"", ""color"": ""Blue""}"
FlexPro Stepper,Sports,Fitness,"{""weight"": ""5 kg"", ""material"": ""Foam"", ""color"": ""Red""}"
GymMaster Band,Sports,Fitness,"{""weight"": ""1 kg"", ""material"": ""Steel"", ""color"": ""Black""}"
GymMaster Barbell,Sports,Fitness,"{""weight"": ""20 kg"", ""material"": ""Rubber"", ""color"": ""Blue""}"
GymMaster Dumbbell,Sports,Fitness,"{""weight"": ""2 kg"", ""material"": ""Foam"", ""color"": ""Black""}"
GymMaster Kettlebell,Sports,Fitness,"{""weight"": ""5 kg"", ""material"": ""Rubber"", ""color"": ""Green""}"
GymMaster Mat,Sports,Fitness,"{""weight"": ""1 kg"", ""material"": ""Steel"", ""color"": ""Blue""}"
GymMaster Rope,Sports,Fitness,"{""weight"": ""10 kg"", ""material"": ""Foam"", ""color"": ""Blue""}"
GymMaster Stepper,Sports,Fitness,"{""weight"": ""20 kg"", ""material"": ""Rubber"", ""color"": ""Red""}"
IronLift Band,Sports,Fitness,"{""weight"": ""20 kg"", ""material"": ""Rubber"", ""color"": ""Black""}"
IronLift Barbell,Sports,Fitness,"{""weight"": ""10 kg"", ""material"": ""Foam"", ""color"": ""Red""}"
IronLift Dumbbell,Sports,Fitness,"{""weight"": ""2 kg"", ""material"": ""Foam"", ""color"": ""Red""}"
IronLift Kettlebell,Sports,Fitness,"{""weight"": ""2 kg"", ""material"": ""Rubber"", ""color"": ""Green""}"
IronLift Mat,Sports,Fitness,"{""weight"": ""20 kg"", ""material"": ""Steel"", ""color"": ""Red""}"
IronLift Rope,Sports,Fitness,"{""weight"": ""5 kg"", ""material"": ""Rubber"", ""color"": ""Red""}"
IronLift Stepper,Sports,Fitness,"{""weight"": ""2 kg"", ""material"": ""Foam"", ""color"": ""Green""}"
PowerDrive Band,Sports,Fitness,"{""weight"": ""10 kg"", ""material"": ""Steel"", ""color"": ""Green""}"
PowerDrive Barbell,Sports,Fitness,"{""weight"": ""20 kg"", ""material"": ""Steel"", ""color"": ""Green""}"
PowerDrive Dumbbell,Sports,Fitness,"{""weight"": ""10 kg"", ""material"": ""Steel"", ""color"": ""Black""}"
PowerDrive Kettlebell,Sports,Fitness,"{""weight"": ""1 kg"", ""material"": ""Foam"", ""color"": ""Green""}"
PowerDrive Mat,Sports,Fitness,"{""weight"": ""2 kg"", ""material"": ""Foam"", ""color"": ""Blue""}"
PowerDrive Rope,Sports,Fitness,"{""weight"": ""5 kg"", ""material"": ""Foam"", ""color"": ""Green""}"
PowerDrive Stepper,Sports,Fitness,"{""weight"": ""10 kg"", ""material"": ""Rubber"", ""color"": ""Red""}"
StaminaCore Band,Sports,Fitness,"{""weight"": ""5 kg"", ""material"": ""Foam"", ""color"": ""Black""}"
StaminaCore Barbell,Sports,Fitness,"{""weight"": ""20 kg"", ""material"": ""Rubber"", ""color"": ""Black""}"
StaminaCore Dumbbell,Sports,Fitness,"{""weight"": ""1 kg"", ""material"": ""Steel"", ""color"": ""Green""}"
StaminaCore Kettlebell,Sports,Fitness,"{""weight"": ""10 kg"", ""material"": ""Steel"", ""color"": ""Blue""}"
StaminaCore Mat,Sports,Fitness,"{""weight"": ""1 kg"", ""material"": ""Foam"", ""color"": ""Black""}"
StaminaCore Rope,Sports,Fitness,"{""weight"": ""20 kg"", ""material"": ""Foam"", ""color"": ""Black""}"
StaminaCore Stepper,Sports,Fitness,"{""weight"": ""20 kg"", ""material"": ""Foam"", ""color"": ""Black""}"
AquaSport Backpack,Sports,Outdoor,"{""waterproof"": true, ""weight"": ""459 g"", ""color"": ""Gray""}"
AquaSport Bag,Sports,Outdoor,"{""waterproof"": true, ""weight"": ""1640 g"", ""color"": ""Brown""}"
AquaSport Bottle,Sports,Outdoor,"{""waterproof"": false, ""weight"": ""1825 g"", ""color"": ""Blue""}"
AquaSport Jacket,Sports,Outdoor,"{""waterproof"": true, ""weight"": ""581 g"", ""color"": ""Blue""}"
AquaSport Poncho,Sports,Outdoor,"{""waterproof"": false, ""weight"": ""1917 g"", ""color"": ""Brown""}"
AquaSport Stove,Sports,Outdoor,"{""waterproof"": false, ""weight"": ""1112 g"", ""color"": ""Brown""}"
AquaSport Tent,Sports,Outdoor,"{""waterproof"": true, ""weight"": ""1519 g"", ""color"": ""Blue""}"
CampPro Backpack,Sports,Outdoor,"{""waterproof"": true, ""weight"": ""735 g"", ""color"": ""Brown""}"
CampPro Bag,Sports,Outdoor,"{""waterproof"": true, ""weight"": ""1898 g"", ""color"": ""Blue""}"
CampPro Bottle,Sports,Outdoor,"{""waterproof"": true, ""weight"": ""480 g"", ""color"": ""Green""}"
CampPro Jacket,Sports,Outdoor,"{""waterproof"": false, ""weight"": ""783 g"", ""color"": ""Blue""}"
CampPro Poncho,Sports,Outdoor,"{""waterproof"": false, ""weight"": ""1657 g"", ""color"": ""Brown""}"
CampPro Stove,Sports,Outdoor,"{""waterproof"": true, ""weight"": ""1901 g"", ""color"": ""Gray""}"
CampPro Tent,Sports,Outdoor,"{""waterproof"": false, ""weight"": ""1218 g"", ""color"": ""Green""}"
EverTrack Backpack,Sports,Outdoor,"{""waterproof"": true, ""weight"": ""999 g"", ""color"": ""Blue""}"
EverTrack Bag,Sports,Outdoor,"{""waterproof"": false, ""weight"": ""495 g"", ""color"": ""Green""}"
EverTrack Bottle,Sports,Outdoor,"{""waterproof"": false, ""weight"": ""1963 g"", ""color"": ""Brown""}"
EverTrack Jacket,Sports,Outdoor,"{""waterproof"": false, ""weight"": ""717 g"", ""color"": ""Gray""}"
EverTrack Poncho,Sports,Outdoor,"{""waterproof"": false, ""weight"": ""1252 g"", ""color"": ""Gray""}"
EverTrack Stove,Sports,Outdoor,"{""waterproof"": true, ""weight"": ""1925 g"", ""color"": ""Blue""}"
EverTrack Tent,Sports,Outdoor,"{""waterproof"": true, ""weight"": ""1676 g"", ""color"": ""Blue""}"
SunShield Backpack,Sports,Outdoor,"{""waterproof"": true, ""weight"": ""767 g"", ""color"": ""Gray""}"
SunShield Bag,Sports,Outdoor,"{""waterproof"": true, ""weight"": ""1113 g"", ""color"": ""Green""}"
SunShield Bottle,Sports,Outdoor,"{""waterproof"": false, ""weight"": ""1472 g"", ""color"": ""Blue""}"
SunShield Jacket,Sports,Outdoor,"{""waterproof"": false, ""weight"": ""445 g"", ""color"": ""Green""}"
SunShield Poncho,Sports,Outdoor,"{""waterproof"": true, ""weight"": ""659 g"", ""color"": ""Green""}"
SunShield Stove,Sports,Outdoor,"{""waterproof"": true, ""weight"": ""385 g"", ""color"": ""Green""}"
SunShield Tent,Sports,Outdoor,"{""waterproof"": true, ""weight"": ""1845 g"", ""color"": ""Blue""}"
TrailBlazer Backpack,Sports,Outdoor,"{""waterproof"": false, ""weight"": ""1674 g"", ""color"": ""Green""}"
TrailBlazer Bag,Sports,Outdoor,"{""waterproof"": true, ""weight"": ""1558 g"", ""color"": ""Gray""}"
TrailBlazer Bottle,Sports,Outdoor,"{""waterproof"": true, ""weight"": ""1125 g"", ""color"": ""Gray""}"
TrailBlazer Jacket,Sports,Outdoor,"{""waterproof"": false, ""weight"": ""936 g"", ""color"": ""Gray""}"
TrailBlazer Poncho,Sports,Outdoor,"{""waterproof"": false, ""weight"": ""559 g"", ""color"": ""Green""}"
TrailBlazer Stove,Sports,Outdoor,"{""waterproof"": true, ""weight"": ""1567 g"", ""color"": ""Blue""}"
TrailBlazer Tent,Sports,Outdoor,"{""waterproof"": false, ""weight"": ""314 g"", ""color"": ""Gray""}"
WindGuard Backpack,Sports,Outdoor,"{""waterproof"": false, ""weight"": ""360 g"", ""color"": ""Green""}"
WindGuard Bag,Sports,Outdoor,"{""waterproof"": true, ""weight"": ""634 g"", ""color"": ""Blue""}"
WindGuard Bottle,Sports,Outdoor,"{""waterproof"": false, ""weight"": ""1127 g"", ""color"": ""Gray""}"
WindGuard Jacket,Sports,Outdoor,"{""waterproof"": true, ""weight"": ""1800 g"", ""color"": ""Brown""}"
WindGuard Poncho,Sports,Outdoor,"{""waterproof"": false, ""weight"": ""1339 g"", ""color"": ""Gray""}"
WindGuard Stove,Sports,Outdoor,"{""waterproof"": true, ""weight"": ""1969 g"", ""color"": ""Brown""}"
WindGuard Tent,Sports,Outdoor,"{""waterproof"": true, ""weight"": ""1491 g"", ""color"": ""Blue""}"
BalanceFit Ball,Sports,Indoor,"{""pieces"": 3, ""material"": ""Wood"", ""color"": ""Blue""}"
BalanceFit Bike,Sports,Indoor,"{""pieces"": 9, ""material"": ""Plastic"", ""color"": ""White""}"
BalanceFit Board,Sports,Indoor,"{""pieces"": 3, ""material"": ""Plastic"", ""color"": ""Red""}"
BalanceFit DartBoard,Sports,Indoor,"{""pieces"": 10, ""material"": ""Metal"", ""color"": ""Blue""}"
BalanceFit Runner,Sports,Indoor,"{""pieces"": 6, ""material"": ""Metal"", ""color"": ""Black""}"
BalanceFit TennisSet,Sports,Indoor,"{""pieces"": 4, ""material"": ""Wood"", ""color"": ""White""}"
BalanceFit Treadmill,Sports,Indoor,"{""pieces"": 8, ""material"": ""Metal"", ""color"": ""Black""}"
HomeGym Ball,Sports,Indoor,"{""pieces"": 10, ""material"": ""Plastic"", ""color"": ""White""}"
HomeGym Bike,Sports,Indoor,"{""pieces"": 2, ""material"": ""Wood"", ""color"": ""Black""}"
HomeGym Board,Sports,Indoor,"{""pieces"": 7, ""material"": ""Plastic"", ""color"": ""Black""}"
HomeGym DartBoard,Sports,Indoor,"{""pieces"": 10, ""material"": ""Metal"", ""color"": ""Black""}"
HomeGym Runner,Sports,Indoor,"{""pieces"": 9, ""material"": ""Metal"", ""color"": ""White""}"
HomeGym TennisSet,Sports,Indoor,"{""pieces"": 8, ""material"": ""Plastic"", ""color"": ""Red""}"
HomeGym Treadmill,Sports,Indoor,"{""pieces"": 10, ""material"": ""Plastic"", ""color"": ""White""}"
ProShot Ball,Sports,Indoor,"{""pieces"": 1, ""material"": ""Wood"", ""color"": ""Black""}"
ProShot Bike,Sports,Indoor,"{""pieces"": 9, ""material"": ""Plastic"", ""color"": ""White""}"
ProShot Board,Sports,Indoor,"{""pieces"": 4, ""material"": ""Metal"", ""color"": ""Red""}"
ProShot DartBoard,Sports,Indoor,"{""pieces"": 3, ""material"": ""Metal"", ""color"": ""Black""}"
ProShot Runner,Sports,Indoor,"{""pieces"": 2, ""material"": ""Plastic"", ""color"": ""White""}"
ProShot TennisSet,Sports,Indoor,"{""pieces"": 2, ""material"": ""Metal"", ""color"": ""Black""}"
ProShot Treadmill,Sports,Indoor,"{""pieces"": 9, ""material"": ""Plastic"", ""color"": ""Black""}"
SilentStep Ball,Sports,Indoor,"{""pieces"": 2, ""material"": ""Plastic"", ""color"": ""Red""}"
SilentStep Bike,Sports,Indoor,"{""pieces"": 10, ""material"": ""Metal"", ""color"": ""Black""}"
SilentStep Board,Sports,Indoor,"{""pieces"": 3, ""material"": ""Wood"", ""color"": ""Black""}"
SilentStep DartBoard,Sports,Indoor,"{""pieces"": 6, ""material"": ""Plastic"", ""color"": ""Black""}"
SilentStep Runner,Sports,Indoor,"{""pieces"": 2, ""material"": ""Plastic"", ""color"": ""Red""}"
SilentStep TennisSet,Sports,Indoor,"{""pieces"": 8, ""material"": ""Wood"", ""color"": ""Red""}"
SilentStep Treadmill,Sports,Indoor,"{""pieces"": 1, ""material"": ""Plastic"", ""color"": ""White""}"
SpinMaster Ball,Sports,Indoor,"{""pieces"": 2, ""material"": ""Plastic"", ""color"": ""White""}"
SpinMaster Bike,Sports,Indoor,"{""pieces"": 10, ""material"": ""Wood"", ""color"": ""White""}"
SpinMaster Board,Sports,Indoor,"{""pieces"": 4, ""material"": ""Wood"", ""color"": ""Black""}"
SpinMaster DartBoard,Sports,Indoor,"{""pieces"": 9, ""material"": ""Metal"", ""color"": ""Black""}"
SpinMaster Runner,Sports,Indoor,"{""pieces"": 4, ""material"": ""Plastic"", ""color"": ""Blue""}"
SpinMaster TennisSet,Sports,Indoor,"{""pieces"": 4, ""material"": ""Metal"", ""color"": ""Blue""}"
SpinMaster Treadmill,Sports,Indoor,"{""pieces"": 7, ""material"": ""Plastic"", ""color"": ""Black""}"
StrikeForce Ball,Sports,Indoor,"{""pieces"": 5, ""material"": ""Wood"", ""color"": ""Red""}"
StrikeForce Bike,Sports,Indoor,"{""pieces"": 6, ""material"": ""Wood"", ""color"": ""Red""}"
StrikeForce Board,Sports,Indoor,"{""pieces"": 9, ""material"": ""Wood"", ""color"": ""Blue""}"
StrikeForce DartBoard,Sports,Indoor,"{""pieces"": 10, ""material"": ""Plastic"", ""color"": ""Red""}"
StrikeForce Runner,Sports,Indoor,"{""pieces"": 5, ""material"": ""Metal"", ""color"": ""Blue""}"
StrikeForce TennisSet,Sports,Indoor,"{""pieces"": 10, ""material"": ""Plastic"", ""color"": ""Red""}"
StrikeForce Treadmill,Sports,Indoor,"{""pieces"": 5, ""material"": ""Plastic"", ""color"": ""Blue""}"
